stage,run_id,step,status,elapsed_s,rollback
vm-was-bootstrap,onprem-3bac5c9a22e444b9bdfa99ef3edad115,deploy.config.local,succeeded,0.004,False
vm-was-bootstrap,onprem-3bac5c9a22e444b9bdfa99ef3edad115,deploy.migrate.local,succeeded,22.344,False
vm-was-bootstrap,onprem-3bac5c9a22e444b9bdfa99ef3edad115,deploy.was.local,succeeded,27.468,False
vm-was-bootstrap,onprem-3bac5c9a22e444b9bdfa99ef3edad115,verify.health.local,succeeded,4.022,False
vm-was-bootstrap,onprem-3bac5c9a22e444b9bdfa99ef3edad115,verify.smoke.local,succeeded,0.046,False
vm-three-bootstrap,onprem-81efcb1cd0d9439d91ab833b8ebdf1a6,deploy.config.local,succeeded,0.004,False
vm-three-bootstrap,onprem-81efcb1cd0d9439d91ab833b8ebdf1a6,deploy.db.local,succeeded,35.707,False
vm-three-bootstrap,onprem-81efcb1cd0d9439d91ab833b8ebdf1a6,deploy.migrate.local,succeeded,15.922,False
vm-three-bootstrap,onprem-81efcb1cd0d9439d91ab833b8ebdf1a6,deploy.was.local,succeeded,27.397,False
vm-three-bootstrap,onprem-81efcb1cd0d9439d91ab833b8ebdf1a6,deploy.web.local,succeeded,13.795,False
vm-three-bootstrap,onprem-81efcb1cd0d9439d91ab833b8ebdf1a6,verify.health.local,succeeded,6.374,False
vm-three-bootstrap,onprem-81efcb1cd0d9439d91ab833b8ebdf1a6,verify.smoke.local,succeeded,1.904,False
vm-three-update-v2,onprem-12c5c9d38cf24d0ab061c1787c3a71dd,deploy.config.local,succeeded,0.005,False
vm-three-update-v2,onprem-12c5c9d38cf24d0ab061c1787c3a71dd,deploy.db.local,succeeded,4.2,False
vm-three-update-v2,onprem-12c5c9d38cf24d0ab061c1787c3a71dd,deploy.migrate.local,succeeded,20.093,False
vm-three-update-v2,onprem-12c5c9d38cf24d0ab061c1787c3a71dd,deploy.was.local,succeeded,36.411,False
vm-three-update-v2,onprem-12c5c9d38cf24d0ab061c1787c3a71dd,deploy.web.local,succeeded,7.063,False
vm-three-update-v2,onprem-12c5c9d38cf24d0ab061c1787c3a71dd,verify.health.local,succeeded,6.016,False
vm-three-update-v2,onprem-12c5c9d38cf24d0ab061c1787c3a71dd,verify.smoke.local,succeeded,1.04,False
vm-three-failure-rollback,onprem-196fa2a27bae4fe3b2d0d0e9fcf991cd,deploy.config.local,succeeded,0.005,False
vm-three-failure-rollback,onprem-196fa2a27bae4fe3b2d0d0e9fcf991cd,deploy.db.local,succeeded,4.203,False
vm-three-failure-rollback,onprem-196fa2a27bae4fe3b2d0d0e9fcf991cd,deploy.migrate.local,succeeded,20.351,False
vm-three-failure-rollback,onprem-196fa2a27bae4fe3b2d0d0e9fcf991cd,deploy.was.local,failed,44.485,False
vm-three-restore-v1,onprem-b2e5c937585143d1a5ea3de4df2c4f0c,deploy.config.local,succeeded,0.005,False
vm-three-restore-v1,onprem-b2e5c937585143d1a5ea3de4df2c4f0c,deploy.db.local,succeeded,4.161,False
vm-three-restore-v1,onprem-b2e5c937585143d1a5ea3de4df2c4f0c,deploy.migrate.local,succeeded,16.869,False
vm-three-restore-v1,onprem-b2e5c937585143d1a5ea3de4df2c4f0c,deploy.was.local,succeeded,37.317,False
vm-three-restore-v1,onprem-b2e5c937585143d1a5ea3de4df2c4f0c,deploy.web.local,succeeded,7.078,False
vm-three-restore-v1,onprem-b2e5c937585143d1a5ea3de4df2c4f0c,verify.health.local,succeeded,6.306,False
vm-three-restore-v1,onprem-b2e5c937585143d1a5ea3de4df2c4f0c,verify.smoke.local,succeeded,1.129,False
vm-three-redeploy-v2,onprem-1e4ae49d671b4fd39d6a6da5a9e4d1c8,deploy.config.local,succeeded,0.005,False
vm-three-redeploy-v2,onprem-1e4ae49d671b4fd39d6a6da5a9e4d1c8,deploy.db.local,succeeded,4.098,False
vm-three-redeploy-v2,onprem-1e4ae49d671b4fd39d6a6da5a9e4d1c8,deploy.migrate.local,succeeded,16.747,False
vm-three-redeploy-v2,onprem-1e4ae49d671b4fd39d6a6da5a9e4d1c8,deploy.was.local,succeeded,36.917,False
vm-three-redeploy-v2,onprem-1e4ae49d671b4fd39d6a6da5a9e4d1c8,deploy.web.local,succeeded,7.198,False
vm-three-redeploy-v2,onprem-1e4ae49d671b4fd39d6a6da5a9e4d1c8,verify.health.local,succeeded,6.525,False
vm-three-redeploy-v2,onprem-1e4ae49d671b4fd39d6a6da5a9e4d1c8,verify.smoke.local,succeeded,1.028,False
