stage,run_id,request_monotonic_s,status,error_type,release_id,demo_revision
vm-three-update-v2,onprem-12c5c9d38cf24d0ab061c1787c3a71dd,9167.867,200,,onprem-81efcb1cd0d9439d91ab833b8ebdf1a6,
vm-three-update-v2,onprem-12c5c9d38cf24d0ab061c1787c3a71dd,9168.434,200,,onprem-81efcb1cd0d9439d91ab833b8ebdf1a6,
vm-three-update-v2,onprem-12c5c9d38cf24d0ab061c1787c3a71dd,9168.998,200,,onprem-81efcb1cd0d9439d91ab833b8ebdf1a6,
vm-three-update-v2,onprem-12c5c9d38cf24d0ab061c1787c3a71dd,9169.566,200,,onprem-81efcb1cd0d9439d91ab833b8ebdf1a6,
vm-three-update-v2,onprem-12c5c9d38cf24d0ab061c1787c3a71dd,9170.118,200,,onprem-81efcb1cd0d9439d91ab833b8ebdf1a6,
vm-three-update-v2,onprem-12c5c9d38cf24d0ab061c1787c3a71dd,9170.683,200,,onprem-81efcb1cd0d9439d91ab833b8ebdf1a6,
vm-three-update-v2,onprem-12c5c9d38cf24d0ab061c1787c3a71dd,9171.244,200,,onprem-81efcb1cd0d9439d91ab833b8ebdf1a6,
vm-three-update-v2,onprem-12c5c9d38cf24d0ab061c1787c3a71dd,9171.805,200,,onprem-81efcb1cd0d9439d91ab833b8ebdf1a6,
vm-three-update-v2,onprem-12c5c9d38cf24d0ab061c1787c3a71dd,9172.37,200,,onprem-81efcb1cd0d9439d91ab833b8ebdf1a6,
vm-three-update-v2,onprem-12c5c9d38cf24d0ab061c1787c3a71dd,9172.934,200,,onprem-81efcb1cd0d9439d91ab833b8ebdf1a6,
vm-three-update-v2,onprem-12c5c9d38cf24d0ab061c1787c3a71dd,9173.495,200,,onprem-81efcb1cd0d9439d91ab833b8ebdf1a6,
vm-three-update-v2,onprem-12c5c9d38cf24d0ab061c1787c3a71dd,9174.062,200,,onprem-81efcb1cd0d9439d91ab833b8ebdf1a6,
vm-three-update-v2,onprem-12c5c9d38cf24d0ab061c1787c3a71dd,9174.627,200,,onprem-81efcb1cd0d9439d91ab833b8ebdf1a6,
vm-three-update-v2,onprem-12c5c9d38cf24d0ab061c1787c3a71dd,9175.191,200,,onprem-81efcb1cd0d9439d91ab833b8ebdf1a6,
vm-three-update-v2,onprem-12c5c9d38cf24d0ab061c1787c3a71dd,9175.752,200,,onprem-81efcb1cd0d9439d91ab833b8ebdf1a6,
vm-three-update-v2,onprem-12c5c9d38cf24d0ab061c1787c3a71dd,9176.309,200,,onprem-81efcb1cd0d9439d91ab833b8ebdf1a6,
vm-three-update-v2,onprem-12c5c9d38cf24d0ab061c1787c3a71dd,9176.859,200,,onprem-81efcb1cd0d9439d91ab833b8ebdf1a6,
vm-three-update-v2,onprem-12c5c9d38cf24d0ab061c1787c3a71dd,9177.41,200,,onprem-81efcb1cd0d9439d91ab833b8ebdf1a6,
vm-three-update-v2,onprem-12c5c9d38cf24d0ab061c1787c3a71dd,9177.97,200,,onprem-81efcb1cd0d9439d91ab833b8ebdf1a6,
vm-three-update-v2,onprem-12c5c9d38cf24d0ab061c1787c3a71dd,9178.523,200,,onprem-81efcb1cd0d9439d91ab833b8ebdf1a6,
vm-three-update-v2,onprem-12c5c9d38cf24d0ab061c1787c3a71dd,9179.085,200,,onprem-81efcb1cd0d9439d91ab833b8ebdf1a6,
vm-three-update-v2,onprem-12c5c9d38cf24d0ab061c1787c3a71dd,9179.647,200,,onprem-81efcb1cd0d9439d91ab833b8ebdf1a6,
vm-three-update-v2,onprem-12c5c9d38cf24d0ab061c1787c3a71dd,9180.206,200,,onprem-81efcb1cd0d9439d91ab833b8ebdf1a6,
vm-three-update-v2,onprem-12c5c9d38cf24d0ab061c1787c3a71dd,9180.781,200,,onprem-81efcb1cd0d9439d91ab833b8ebdf1a6,
vm-three-update-v2,onprem-12c5c9d38cf24d0ab061c1787c3a71dd,9181.345,200,,onprem-81efcb1cd0d9439d91ab833b8ebdf1a6,
vm-three-update-v2,onprem-12c5c9d38cf24d0ab061c1787c3a71dd,9181.904,200,,onprem-81efcb1cd0d9439d91ab833b8ebdf1a6,
vm-three-update-v2,onprem-12c5c9d38cf24d0ab061c1787c3a71dd,9182.467,200,,onprem-81efcb1cd0d9439d91ab833b8ebdf1a6,
vm-three-update-v2,onprem-12c5c9d38cf24d0ab061c1787c3a71dd,9183.02,200,,onprem-81efcb1cd0d9439d91ab833b8ebdf1a6,
vm-three-update-v2,onprem-12c5c9d38cf24d0ab061c1787c3a71dd,9183.58,200,,onprem-81efcb1cd0d9439d91ab833b8ebdf1a6,
vm-three-update-v2,onprem-12c5c9d38cf24d0ab061c1787c3a71dd,9184.143,200,,onprem-81efcb1cd0d9439d91ab833b8ebdf1a6,
vm-three-update-v2,onprem-12c5c9d38cf24d0ab061c1787c3a71dd,9184.698,200,,onprem-81efcb1cd0d9439d91ab833b8ebdf1a6,
vm-three-update-v2,onprem-12c5c9d38cf24d0ab061c1787c3a71dd,9185.263,200,,onprem-81efcb1cd0d9439d91ab833b8ebdf1a6,
vm-three-update-v2,onprem-12c5c9d38cf24d0ab061c1787c3a71dd,9185.82,200,,onprem-81efcb1cd0d9439d91ab833b8ebdf1a6,
vm-three-update-v2,onprem-12c5c9d38cf24d0ab061c1787c3a71dd,9186.389,200,,onprem-81efcb1cd0d9439d91ab833b8ebdf1a6,
vm-three-update-v2,onprem-12c5c9d38cf24d0ab061c1787c3a71dd,9186.951,200,,onprem-81efcb1cd0d9439d91ab833b8ebdf1a6,
vm-three-update-v2,onprem-12c5c9d38cf24d0ab061c1787c3a71dd,9187.508,200,,onprem-81efcb1cd0d9439d91ab833b8ebdf1a6,
vm-three-update-v2,onprem-12c5c9d38cf24d0ab061c1787c3a71dd,9188.059,200,,onprem-81efcb1cd0d9439d91ab833b8ebdf1a6,
vm-three-update-v2,onprem-12c5c9d38cf24d0ab061c1787c3a71dd,9188.613,200,,onprem-81efcb1cd0d9439d91ab833b8ebdf1a6,
vm-three-update-v2,onprem-12c5c9d38cf24d0ab061c1787c3a71dd,9189.172,200,,onprem-81efcb1cd0d9439d91ab833b8ebdf1a6,
vm-three-update-v2,onprem-12c5c9d38cf24d0ab061c1787c3a71dd,9189.752,200,,onprem-81efcb1cd0d9439d91ab833b8ebdf1a6,
vm-three-update-v2,onprem-12c5c9d38cf24d0ab061c1787c3a71dd,9190.319,200,,onprem-81efcb1cd0d9439d91ab833b8ebdf1a6,
vm-three-update-v2,onprem-12c5c9d38cf24d0ab061c1787c3a71dd,9190.876,200,,onprem-81efcb1cd0d9439d91ab833b8ebdf1a6,
vm-three-update-v2,onprem-12c5c9d38cf24d0ab061c1787c3a71dd,9191.427,200,,onprem-81efcb1cd0d9439d91ab833b8ebdf1a6,
vm-three-update-v2,onprem-12c5c9d38cf24d0ab061c1787c3a71dd,9191.986,200,,onprem-81efcb1cd0d9439d91ab833b8ebdf1a6,
vm-three-update-v2,onprem-12c5c9d38cf24d0ab061c1787c3a71dd,9192.543,200,,onprem-81efcb1cd0d9439d91ab833b8ebdf1a6,
vm-three-update-v2,onprem-12c5c9d38cf24d0ab061c1787c3a71dd,9193.095,200,,onprem-81efcb1cd0d9439d91ab833b8ebdf1a6,
vm-three-update-v2,onprem-12c5c9d38cf24d0ab061c1787c3a71dd,9193.659,200,,onprem-81efcb1cd0d9439d91ab833b8ebdf1a6,
vm-three-update-v2,onprem-12c5c9d38cf24d0ab061c1787c3a71dd,9194.21,200,,onprem-81efcb1cd0d9439d91ab833b8ebdf1a6,
vm-three-update-v2,onprem-12c5c9d38cf24d0ab061c1787c3a71dd,9194.772,200,,onprem-81efcb1cd0d9439d91ab833b8ebdf1a6,
vm-three-update-v2,onprem-12c5c9d38cf24d0ab061c1787c3a71dd,9195.338,200,,onprem-81efcb1cd0d9439d91ab833b8ebdf1a6,
vm-three-update-v2,onprem-12c5c9d38cf24d0ab061c1787c3a71dd,9195.905,200,,onprem-81efcb1cd0d9439d91ab833b8ebdf1a6,
vm-three-update-v2,onprem-12c5c9d38cf24d0ab061c1787c3a71dd,9196.46,200,,onprem-81efcb1cd0d9439d91ab833b8ebdf1a6,
vm-three-update-v2,onprem-12c5c9d38cf24d0ab061c1787c3a71dd,9197.02,200,,onprem-81efcb1cd0d9439d91ab833b8ebdf1a6,
vm-three-update-v2,onprem-12c5c9d38cf24d0ab061c1787c3a71dd,9197.578,200,,onprem-81efcb1cd0d9439d91ab833b8ebdf1a6,
vm-three-update-v2,onprem-12c5c9d38cf24d0ab061c1787c3a71dd,9198.142,200,,onprem-81efcb1cd0d9439d91ab833b8ebdf1a6,
vm-three-update-v2,onprem-12c5c9d38cf24d0ab061c1787c3a71dd,9198.693,200,,onprem-81efcb1cd0d9439d91ab833b8ebdf1a6,
vm-three-update-v2,onprem-12c5c9d38cf24d0ab061c1787c3a71dd,9199.246,200,,onprem-81efcb1cd0d9439d91ab833b8ebdf1a6,
vm-three-update-v2,onprem-12c5c9d38cf24d0ab061c1787c3a71dd,9199.794,200,,onprem-81efcb1cd0d9439d91ab833b8ebdf1a6,
vm-three-update-v2,onprem-12c5c9d38cf24d0ab061c1787c3a71dd,9200.351,200,,onprem-81efcb1cd0d9439d91ab833b8ebdf1a6,
vm-three-update-v2,onprem-12c5c9d38cf24d0ab061c1787c3a71dd,9200.918,200,,onprem-81efcb1cd0d9439d91ab833b8ebdf1a6,
vm-three-update-v2,onprem-12c5c9d38cf24d0ab061c1787c3a71dd,9201.481,200,,onprem-81efcb1cd0d9439d91ab833b8ebdf1a6,
vm-three-update-v2,onprem-12c5c9d38cf24d0ab061c1787c3a71dd,9202.034,200,,onprem-81efcb1cd0d9439d91ab833b8ebdf1a6,
vm-three-update-v2,onprem-12c5c9d38cf24d0ab061c1787c3a71dd,9202.587,200,,onprem-81efcb1cd0d9439d91ab833b8ebdf1a6,
vm-three-update-v2,onprem-12c5c9d38cf24d0ab061c1787c3a71dd,9203.15,200,,onprem-81efcb1cd0d9439d91ab833b8ebdf1a6,
vm-three-update-v2,onprem-12c5c9d38cf24d0ab061c1787c3a71dd,9203.712,200,,onprem-81efcb1cd0d9439d91ab833b8ebdf1a6,
vm-three-update-v2,onprem-12c5c9d38cf24d0ab061c1787c3a71dd,9204.269,200,,onprem-81efcb1cd0d9439d91ab833b8ebdf1a6,
vm-three-update-v2,onprem-12c5c9d38cf24d0ab061c1787c3a71dd,9204.839,200,,onprem-81efcb1cd0d9439d91ab833b8ebdf1a6,
vm-three-update-v2,onprem-12c5c9d38cf24d0ab061c1787c3a71dd,9205.394,200,,onprem-81efcb1cd0d9439d91ab833b8ebdf1a6,
vm-three-update-v2,onprem-12c5c9d38cf24d0ab061c1787c3a71dd,9205.951,200,,onprem-81efcb1cd0d9439d91ab833b8ebdf1a6,
vm-three-update-v2,onprem-12c5c9d38cf24d0ab061c1787c3a71dd,9206.509,200,,onprem-81efcb1cd0d9439d91ab833b8ebdf1a6,
vm-three-update-v2,onprem-12c5c9d38cf24d0ab061c1787c3a71dd,9207.07,200,,onprem-81efcb1cd0d9439d91ab833b8ebdf1a6,
vm-three-update-v2,onprem-12c5c9d38cf24d0ab061c1787c3a71dd,9207.628,200,,onprem-81efcb1cd0d9439d91ab833b8ebdf1a6,
vm-three-update-v2,onprem-12c5c9d38cf24d0ab061c1787c3a71dd,9208.179,200,,onprem-81efcb1cd0d9439d91ab833b8ebdf1a6,
vm-three-update-v2,onprem-12c5c9d38cf24d0ab061c1787c3a71dd,9209.737,200,,onprem-81efcb1cd0d9439d91ab833b8ebdf1a6,
vm-three-update-v2,onprem-12c5c9d38cf24d0ab061c1787c3a71dd,9210.308,200,,onprem-12c5c9d38cf24d0ab061c1787c3a71dd,v2
vm-three-update-v2,onprem-12c5c9d38cf24d0ab061c1787c3a71dd,9210.862,200,,onprem-81efcb1cd0d9439d91ab833b8ebdf1a6,
vm-three-update-v2,onprem-12c5c9d38cf24d0ab061c1787c3a71dd,9211.426,200,,onprem-81efcb1cd0d9439d91ab833b8ebdf1a6,
vm-three-update-v2,onprem-12c5c9d38cf24d0ab061c1787c3a71dd,9211.985,200,,onprem-12c5c9d38cf24d0ab061c1787c3a71dd,v2
vm-three-update-v2,onprem-12c5c9d38cf24d0ab061c1787c3a71dd,9212.538,200,,onprem-81efcb1cd0d9439d91ab833b8ebdf1a6,
vm-three-update-v2,onprem-12c5c9d38cf24d0ab061c1787c3a71dd,9213.097,200,,onprem-12c5c9d38cf24d0ab061c1787c3a71dd,v2
vm-three-update-v2,onprem-12c5c9d38cf24d0ab061c1787c3a71dd,9213.654,200,,onprem-12c5c9d38cf24d0ab061c1787c3a71dd,v2
vm-three-update-v2,onprem-12c5c9d38cf24d0ab061c1787c3a71dd,9214.205,200,,onprem-81efcb1cd0d9439d91ab833b8ebdf1a6,
vm-three-update-v2,onprem-12c5c9d38cf24d0ab061c1787c3a71dd,9214.756,200,,onprem-81efcb1cd0d9439d91ab833b8ebdf1a6,
vm-three-update-v2,onprem-12c5c9d38cf24d0ab061c1787c3a71dd,9215.314,200,,onprem-12c5c9d38cf24d0ab061c1787c3a71dd,v2
vm-three-update-v2,onprem-12c5c9d38cf24d0ab061c1787c3a71dd,9215.866,200,,onprem-12c5c9d38cf24d0ab061c1787c3a71dd,v2
vm-three-update-v2,onprem-12c5c9d38cf24d0ab061c1787c3a71dd,9216.419,200,,onprem-12c5c9d38cf24d0ab061c1787c3a71dd,v2
vm-three-update-v2,onprem-12c5c9d38cf24d0ab061c1787c3a71dd,9216.97,200,,onprem-81efcb1cd0d9439d91ab833b8ebdf1a6,
vm-three-update-v2,onprem-12c5c9d38cf24d0ab061c1787c3a71dd,9217.532,200,,onprem-81efcb1cd0d9439d91ab833b8ebdf1a6,
vm-three-update-v2,onprem-12c5c9d38cf24d0ab061c1787c3a71dd,9218.085,200,,onprem-12c5c9d38cf24d0ab061c1787c3a71dd,v2
vm-three-update-v2,onprem-12c5c9d38cf24d0ab061c1787c3a71dd,9218.633,200,,onprem-12c5c9d38cf24d0ab061c1787c3a71dd,v2
vm-three-update-v2,onprem-12c5c9d38cf24d0ab061c1787c3a71dd,9219.184,200,,onprem-12c5c9d38cf24d0ab061c1787c3a71dd,v2
vm-three-update-v2,onprem-12c5c9d38cf24d0ab061c1787c3a71dd,9219.748,200,,onprem-81efcb1cd0d9439d91ab833b8ebdf1a6,
vm-three-update-v2,onprem-12c5c9d38cf24d0ab061c1787c3a71dd,9220.303,200,,onprem-12c5c9d38cf24d0ab061c1787c3a71dd,v2
vm-three-update-v2,onprem-12c5c9d38cf24d0ab061c1787c3a71dd,9220.861,200,,onprem-12c5c9d38cf24d0ab061c1787c3a71dd,v2
vm-three-update-v2,onprem-12c5c9d38cf24d0ab061c1787c3a71dd,9221.424,200,,onprem-81efcb1cd0d9439d91ab833b8ebdf1a6,
vm-three-update-v2,onprem-12c5c9d38cf24d0ab061c1787c3a71dd,9221.972,200,,onprem-12c5c9d38cf24d0ab061c1787c3a71dd,v2
vm-three-update-v2,onprem-12c5c9d38cf24d0ab061c1787c3a71dd,9222.523,200,,onprem-12c5c9d38cf24d0ab061c1787c3a71dd,v2
vm-three-update-v2,onprem-12c5c9d38cf24d0ab061c1787c3a71dd,9223.081,200,,onprem-12c5c9d38cf24d0ab061c1787c3a71dd,v2
vm-three-update-v2,onprem-12c5c9d38cf24d0ab061c1787c3a71dd,9223.639,200,,onprem-12c5c9d38cf24d0ab061c1787c3a71dd,v2
vm-three-update-v2,onprem-12c5c9d38cf24d0ab061c1787c3a71dd,9224.193,200,,onprem-12c5c9d38cf24d0ab061c1787c3a71dd,v2
vm-three-update-v2,onprem-12c5c9d38cf24d0ab061c1787c3a71dd,9224.744,200,,onprem-12c5c9d38cf24d0ab061c1787c3a71dd,v2
vm-three-update-v2,onprem-12c5c9d38cf24d0ab061c1787c3a71dd,9225.293,200,,onprem-12c5c9d38cf24d0ab061c1787c3a71dd,v2
vm-three-update-v2,onprem-12c5c9d38cf24d0ab061c1787c3a71dd,9225.855,200,,onprem-12c5c9d38cf24d0ab061c1787c3a71dd,v2
vm-three-update-v2,onprem-12c5c9d38cf24d0ab061c1787c3a71dd,9226.412,200,,onprem-12c5c9d38cf24d0ab061c1787c3a71dd,v2
vm-three-update-v2,onprem-12c5c9d38cf24d0ab061c1787c3a71dd,9226.971,200,,onprem-12c5c9d38cf24d0ab061c1787c3a71dd,v2
vm-three-update-v2,onprem-12c5c9d38cf24d0ab061c1787c3a71dd,9227.522,200,,onprem-12c5c9d38cf24d0ab061c1787c3a71dd,v2
vm-three-update-v2,onprem-12c5c9d38cf24d0ab061c1787c3a71dd,9228.074,200,,onprem-12c5c9d38cf24d0ab061c1787c3a71dd,v2
vm-three-update-v2,onprem-12c5c9d38cf24d0ab061c1787c3a71dd,9228.63,200,,onprem-12c5c9d38cf24d0ab061c1787c3a71dd,v2
vm-three-update-v2,onprem-12c5c9d38cf24d0ab061c1787c3a71dd,9229.188,200,,onprem-12c5c9d38cf24d0ab061c1787c3a71dd,v2
vm-three-update-v2,onprem-12c5c9d38cf24d0ab061c1787c3a71dd,9229.741,200,,onprem-12c5c9d38cf24d0ab061c1787c3a71dd,v2
vm-three-update-v2,onprem-12c5c9d38cf24d0ab061c1787c3a71dd,9230.291,200,,onprem-12c5c9d38cf24d0ab061c1787c3a71dd,v2
vm-three-update-v2,onprem-12c5c9d38cf24d0ab061c1787c3a71dd,9230.849,200,,onprem-12c5c9d38cf24d0ab061c1787c3a71dd,v2
vm-three-update-v2,onprem-12c5c9d38cf24d0ab061c1787c3a71dd,9231.399,200,,onprem-12c5c9d38cf24d0ab061c1787c3a71dd,v2
vm-three-update-v2,onprem-12c5c9d38cf24d0ab061c1787c3a71dd,9231.963,200,,onprem-12c5c9d38cf24d0ab061c1787c3a71dd,v2
vm-three-update-v2,onprem-12c5c9d38cf24d0ab061c1787c3a71dd,9232.506,200,,onprem-12c5c9d38cf24d0ab061c1787c3a71dd,v2
vm-three-update-v2,onprem-12c5c9d38cf24d0ab061c1787c3a71dd,9233.064,200,,onprem-12c5c9d38cf24d0ab061c1787c3a71dd,v2
vm-three-update-v2,onprem-12c5c9d38cf24d0ab061c1787c3a71dd,9233.624,200,,onprem-12c5c9d38cf24d0ab061c1787c3a71dd,v2
vm-three-update-v2,onprem-12c5c9d38cf24d0ab061c1787c3a71dd,9234.187,200,,onprem-12c5c9d38cf24d0ab061c1787c3a71dd,v2
vm-three-update-v2,onprem-12c5c9d38cf24d0ab061c1787c3a71dd,9234.744,200,,onprem-12c5c9d38cf24d0ab061c1787c3a71dd,v2
vm-three-update-v2,onprem-12c5c9d38cf24d0ab061c1787c3a71dd,9235.302,200,,onprem-12c5c9d38cf24d0ab061c1787c3a71dd,v2
vm-three-update-v2,onprem-12c5c9d38cf24d0ab061c1787c3a71dd,9235.857,200,,onprem-12c5c9d38cf24d0ab061c1787c3a71dd,v2
vm-three-update-v2,onprem-12c5c9d38cf24d0ab061c1787c3a71dd,9236.41,200,,onprem-12c5c9d38cf24d0ab061c1787c3a71dd,v2
vm-three-update-v2,onprem-12c5c9d38cf24d0ab061c1787c3a71dd,9236.966,200,,onprem-12c5c9d38cf24d0ab061c1787c3a71dd,v2
vm-three-update-v2,onprem-12c5c9d38cf24d0ab061c1787c3a71dd,9237.519,200,,onprem-12c5c9d38cf24d0ab061c1787c3a71dd,v2
vm-three-update-v2,onprem-12c5c9d38cf24d0ab061c1787c3a71dd,9238.082,200,,onprem-12c5c9d38cf24d0ab061c1787c3a71dd,v2
vm-three-update-v2,onprem-12c5c9d38cf24d0ab061c1787c3a71dd,9238.641,200,,onprem-12c5c9d38cf24d0ab061c1787c3a71dd,v2
vm-three-update-v2,onprem-12c5c9d38cf24d0ab061c1787c3a71dd,9239.2,200,,onprem-12c5c9d38cf24d0ab061c1787c3a71dd,v2
vm-three-update-v2,onprem-12c5c9d38cf24d0ab061c1787c3a71dd,9239.763,200,,onprem-12c5c9d38cf24d0ab061c1787c3a71dd,v2
vm-three-update-v2,onprem-12c5c9d38cf24d0ab061c1787c3a71dd,9240.316,200,,onprem-12c5c9d38cf24d0ab061c1787c3a71dd,v2
vm-three-update-v2,onprem-12c5c9d38cf24d0ab061c1787c3a71dd,9240.866,200,,onprem-12c5c9d38cf24d0ab061c1787c3a71dd,v2
vm-three-update-v2,onprem-12c5c9d38cf24d0ab061c1787c3a71dd,9241.432,200,,onprem-12c5c9d38cf24d0ab061c1787c3a71dd,v2
vm-three-update-v2,onprem-12c5c9d38cf24d0ab061c1787c3a71dd,9241.985,200,,onprem-12c5c9d38cf24d0ab061c1787c3a71dd,v2
vm-three-update-v2,onprem-12c5c9d38cf24d0ab061c1787c3a71dd,9242.535,200,,onprem-12c5c9d38cf24d0ab061c1787c3a71dd,v2
vm-three-failure-rollback,onprem-196fa2a27bae4fe3b2d0d0e9fcf991cd,9275.669,200,,onprem-12c5c9d38cf24d0ab061c1787c3a71dd,v2
vm-three-failure-rollback,onprem-196fa2a27bae4fe3b2d0d0e9fcf991cd,9276.238,200,,onprem-12c5c9d38cf24d0ab061c1787c3a71dd,v2
vm-three-failure-rollback,onprem-196fa2a27bae4fe3b2d0d0e9fcf991cd,9276.796,200,,onprem-12c5c9d38cf24d0ab061c1787c3a71dd,v2
vm-three-failure-rollback,onprem-196fa2a27bae4fe3b2d0d0e9fcf991cd,9277.354,200,,onprem-12c5c9d38cf24d0ab061c1787c3a71dd,v2
vm-three-failure-rollback,onprem-196fa2a27bae4fe3b2d0d0e9fcf991cd,9277.911,200,,onprem-12c5c9d38cf24d0ab061c1787c3a71dd,v2
vm-three-failure-rollback,onprem-196fa2a27bae4fe3b2d0d0e9fcf991cd,9278.47,200,,onprem-12c5c9d38cf24d0ab061c1787c3a71dd,v2
vm-three-failure-rollback,onprem-196fa2a27bae4fe3b2d0d0e9fcf991cd,9279.032,200,,onprem-12c5c9d38cf24d0ab061c1787c3a71dd,v2
vm-three-failure-rollback,onprem-196fa2a27bae4fe3b2d0d0e9fcf991cd,9279.594,200,,onprem-12c5c9d38cf24d0ab061c1787c3a71dd,v2
vm-three-failure-rollback,onprem-196fa2a27bae4fe3b2d0d0e9fcf991cd,9280.151,200,,onprem-12c5c9d38cf24d0ab061c1787c3a71dd,v2
vm-three-failure-rollback,onprem-196fa2a27bae4fe3b2d0d0e9fcf991cd,9280.714,200,,onprem-12c5c9d38cf24d0ab061c1787c3a71dd,v2
vm-three-failure-rollback,onprem-196fa2a27bae4fe3b2d0d0e9fcf991cd,9281.271,200,,onprem-12c5c9d38cf24d0ab061c1787c3a71dd,v2
vm-three-failure-rollback,onprem-196fa2a27bae4fe3b2d0d0e9fcf991cd,9281.834,200,,onprem-12c5c9d38cf24d0ab061c1787c3a71dd,v2
vm-three-failure-rollback,onprem-196fa2a27bae4fe3b2d0d0e9fcf991cd,9282.4,200,,onprem-12c5c9d38cf24d0ab061c1787c3a71dd,v2
vm-three-failure-rollback,onprem-196fa2a27bae4fe3b2d0d0e9fcf991cd,9282.961,200,,onprem-12c5c9d38cf24d0ab061c1787c3a71dd,v2
vm-three-failure-rollback,onprem-196fa2a27bae4fe3b2d0d0e9fcf991cd,9283.518,200,,onprem-12c5c9d38cf24d0ab061c1787c3a71dd,v2
vm-three-failure-rollback,onprem-196fa2a27bae4fe3b2d0d0e9fcf991cd,9284.078,200,,onprem-12c5c9d38cf24d0ab061c1787c3a71dd,v2
vm-three-failure-rollback,onprem-196fa2a27bae4fe3b2d0d0e9fcf991cd,9284.636,200,,onprem-12c5c9d38cf24d0ab061c1787c3a71dd,v2
vm-three-failure-rollback,onprem-196fa2a27bae4fe3b2d0d0e9fcf991cd,9285.202,200,,onprem-12c5c9d38cf24d0ab061c1787c3a71dd,v2
vm-three-failure-rollback,onprem-196fa2a27bae4fe3b2d0d0e9fcf991cd,9285.759,200,,onprem-12c5c9d38cf24d0ab061c1787c3a71dd,v2
vm-three-failure-rollback,onprem-196fa2a27bae4fe3b2d0d0e9fcf991cd,9286.316,200,,onprem-12c5c9d38cf24d0ab061c1787c3a71dd,v2
vm-three-failure-rollback,onprem-196fa2a27bae4fe3b2d0d0e9fcf991cd,9286.872,200,,onprem-12c5c9d38cf24d0ab061c1787c3a71dd,v2
vm-three-failure-rollback,onprem-196fa2a27bae4fe3b2d0d0e9fcf991cd,9287.429,200,,onprem-12c5c9d38cf24d0ab061c1787c3a71dd,v2
vm-three-failure-rollback,onprem-196fa2a27bae4fe3b2d0d0e9fcf991cd,9287.984,200,,onprem-12c5c9d38cf24d0ab061c1787c3a71dd,v2
vm-three-failure-rollback,onprem-196fa2a27bae4fe3b2d0d0e9fcf991cd,9288.539,200,,onprem-12c5c9d38cf24d0ab061c1787c3a71dd,v2
vm-three-failure-rollback,onprem-196fa2a27bae4fe3b2d0d0e9fcf991cd,9289.092,200,,onprem-12c5c9d38cf24d0ab061c1787c3a71dd,v2
vm-three-failure-rollback,onprem-196fa2a27bae4fe3b2d0d0e9fcf991cd,9289.652,200,,onprem-12c5c9d38cf24d0ab061c1787c3a71dd,v2
vm-three-failure-rollback,onprem-196fa2a27bae4fe3b2d0d0e9fcf991cd,9290.207,200,,onprem-12c5c9d38cf24d0ab061c1787c3a71dd,v2
vm-three-failure-rollback,onprem-196fa2a27bae4fe3b2d0d0e9fcf991cd,9290.769,200,,onprem-12c5c9d38cf24d0ab061c1787c3a71dd,v2
vm-three-failure-rollback,onprem-196fa2a27bae4fe3b2d0d0e9fcf991cd,9291.333,200,,onprem-12c5c9d38cf24d0ab061c1787c3a71dd,v2
vm-three-failure-rollback,onprem-196fa2a27bae4fe3b2d0d0e9fcf991cd,9291.887,200,,onprem-12c5c9d38cf24d0ab061c1787c3a71dd,v2
vm-three-failure-rollback,onprem-196fa2a27bae4fe3b2d0d0e9fcf991cd,9292.44,200,,onprem-12c5c9d38cf24d0ab061c1787c3a71dd,v2
vm-three-failure-rollback,onprem-196fa2a27bae4fe3b2d0d0e9fcf991cd,9293.0,200,,onprem-12c5c9d38cf24d0ab061c1787c3a71dd,v2
vm-three-failure-rollback,onprem-196fa2a27bae4fe3b2d0d0e9fcf991cd,9293.562,200,,onprem-12c5c9d38cf24d0ab061c1787c3a71dd,v2
vm-three-failure-rollback,onprem-196fa2a27bae4fe3b2d0d0e9fcf991cd,9294.114,200,,onprem-12c5c9d38cf24d0ab061c1787c3a71dd,v2
vm-three-failure-rollback,onprem-196fa2a27bae4fe3b2d0d0e9fcf991cd,9294.67,200,,onprem-12c5c9d38cf24d0ab061c1787c3a71dd,v2
vm-three-failure-rollback,onprem-196fa2a27bae4fe3b2d0d0e9fcf991cd,9295.229,200,,onprem-12c5c9d38cf24d0ab061c1787c3a71dd,v2
vm-three-failure-rollback,onprem-196fa2a27bae4fe3b2d0d0e9fcf991cd,9295.79,200,,onprem-12c5c9d38cf24d0ab061c1787c3a71dd,v2
vm-three-failure-rollback,onprem-196fa2a27bae4fe3b2d0d0e9fcf991cd,9296.353,200,,onprem-12c5c9d38cf24d0ab061c1787c3a71dd,v2
vm-three-failure-rollback,onprem-196fa2a27bae4fe3b2d0d0e9fcf991cd,9296.909,200,,onprem-12c5c9d38cf24d0ab061c1787c3a71dd,v2
vm-three-failure-rollback,onprem-196fa2a27bae4fe3b2d0d0e9fcf991cd,9297.467,200,,onprem-12c5c9d38cf24d0ab061c1787c3a71dd,v2
vm-three-failure-rollback,onprem-196fa2a27bae4fe3b2d0d0e9fcf991cd,9298.015,200,,onprem-12c5c9d38cf24d0ab061c1787c3a71dd,v2
vm-three-failure-rollback,onprem-196fa2a27bae4fe3b2d0d0e9fcf991cd,9298.572,200,,onprem-12c5c9d38cf24d0ab061c1787c3a71dd,v2
vm-three-failure-rollback,onprem-196fa2a27bae4fe3b2d0d0e9fcf991cd,9299.132,200,,onprem-12c5c9d38cf24d0ab061c1787c3a71dd,v2
vm-three-failure-rollback,onprem-196fa2a27bae4fe3b2d0d0e9fcf991cd,9299.69,200,,onprem-12c5c9d38cf24d0ab061c1787c3a71dd,v2
vm-three-failure-rollback,onprem-196fa2a27bae4fe3b2d0d0e9fcf991cd,9300.256,200,,onprem-12c5c9d38cf24d0ab061c1787c3a71dd,v2
vm-three-failure-rollback,onprem-196fa2a27bae4fe3b2d0d0e9fcf991cd,9300.816,200,,onprem-12c5c9d38cf24d0ab061c1787c3a71dd,v2
vm-three-failure-rollback,onprem-196fa2a27bae4fe3b2d0d0e9fcf991cd,9301.376,200,,onprem-12c5c9d38cf24d0ab061c1787c3a71dd,v2
vm-three-failure-rollback,onprem-196fa2a27bae4fe3b2d0d0e9fcf991cd,9301.934,200,,onprem-12c5c9d38cf24d0ab061c1787c3a71dd,v2
vm-three-failure-rollback,onprem-196fa2a27bae4fe3b2d0d0e9fcf991cd,9302.501,200,,onprem-12c5c9d38cf24d0ab061c1787c3a71dd,v2
vm-three-failure-rollback,onprem-196fa2a27bae4fe3b2d0d0e9fcf991cd,9303.058,200,,onprem-12c5c9d38cf24d0ab061c1787c3a71dd,v2
vm-three-failure-rollback,onprem-196fa2a27bae4fe3b2d0d0e9fcf991cd,9303.607,200,,onprem-12c5c9d38cf24d0ab061c1787c3a71dd,v2
vm-three-failure-rollback,onprem-196fa2a27bae4fe3b2d0d0e9fcf991cd,9304.159,200,,onprem-12c5c9d38cf24d0ab061c1787c3a71dd,v2
vm-three-failure-rollback,onprem-196fa2a27bae4fe3b2d0d0e9fcf991cd,9304.723,200,,onprem-12c5c9d38cf24d0ab061c1787c3a71dd,v2
vm-three-failure-rollback,onprem-196fa2a27bae4fe3b2d0d0e9fcf991cd,9305.272,200,,onprem-12c5c9d38cf24d0ab061c1787c3a71dd,v2
vm-three-failure-rollback,onprem-196fa2a27bae4fe3b2d0d0e9fcf991cd,9305.832,200,,onprem-12c5c9d38cf24d0ab061c1787c3a71dd,v2
vm-three-failure-rollback,onprem-196fa2a27bae4fe3b2d0d0e9fcf991cd,9306.396,200,,onprem-12c5c9d38cf24d0ab061c1787c3a71dd,v2
vm-three-failure-rollback,onprem-196fa2a27bae4fe3b2d0d0e9fcf991cd,9306.964,200,,onprem-12c5c9d38cf24d0ab061c1787c3a71dd,v2
vm-three-failure-rollback,onprem-196fa2a27bae4fe3b2d0d0e9fcf991cd,9307.515,200,,onprem-12c5c9d38cf24d0ab061c1787c3a71dd,v2
vm-three-failure-rollback,onprem-196fa2a27bae4fe3b2d0d0e9fcf991cd,9308.077,200,,onprem-12c5c9d38cf24d0ab061c1787c3a71dd,v2
vm-three-failure-rollback,onprem-196fa2a27bae4fe3b2d0d0e9fcf991cd,9308.632,200,,onprem-12c5c9d38cf24d0ab061c1787c3a71dd,v2
vm-three-failure-rollback,onprem-196fa2a27bae4fe3b2d0d0e9fcf991cd,9309.177,200,,onprem-12c5c9d38cf24d0ab061c1787c3a71dd,v2
vm-three-failure-rollback,onprem-196fa2a27bae4fe3b2d0d0e9fcf991cd,9309.726,200,,onprem-12c5c9d38cf24d0ab061c1787c3a71dd,v2
vm-three-failure-rollback,onprem-196fa2a27bae4fe3b2d0d0e9fcf991cd,9310.288,200,,onprem-12c5c9d38cf24d0ab061c1787c3a71dd,v2
vm-three-failure-rollback,onprem-196fa2a27bae4fe3b2d0d0e9fcf991cd,9310.865,200,,onprem-12c5c9d38cf24d0ab061c1787c3a71dd,v2
vm-three-failure-rollback,onprem-196fa2a27bae4fe3b2d0d0e9fcf991cd,9311.425,200,,onprem-12c5c9d38cf24d0ab061c1787c3a71dd,v2
vm-three-failure-rollback,onprem-196fa2a27bae4fe3b2d0d0e9fcf991cd,9311.977,200,,onprem-12c5c9d38cf24d0ab061c1787c3a71dd,v2
vm-three-failure-rollback,onprem-196fa2a27bae4fe3b2d0d0e9fcf991cd,9312.537,200,,onprem-12c5c9d38cf24d0ab061c1787c3a71dd,v2
vm-three-failure-rollback,onprem-196fa2a27bae4fe3b2d0d0e9fcf991cd,9313.104,200,,onprem-12c5c9d38cf24d0ab061c1787c3a71dd,v2
vm-three-failure-rollback,onprem-196fa2a27bae4fe3b2d0d0e9fcf991cd,9313.666,200,,onprem-12c5c9d38cf24d0ab061c1787c3a71dd,v2
vm-three-failure-rollback,onprem-196fa2a27bae4fe3b2d0d0e9fcf991cd,9314.214,200,,onprem-12c5c9d38cf24d0ab061c1787c3a71dd,v2
vm-three-failure-rollback,onprem-196fa2a27bae4fe3b2d0d0e9fcf991cd,9314.763,200,,onprem-12c5c9d38cf24d0ab061c1787c3a71dd,v2
vm-three-failure-rollback,onprem-196fa2a27bae4fe3b2d0d0e9fcf991cd,9315.313,200,,onprem-12c5c9d38cf24d0ab061c1787c3a71dd,v2
vm-three-failure-rollback,onprem-196fa2a27bae4fe3b2d0d0e9fcf991cd,9315.87,200,,onprem-12c5c9d38cf24d0ab061c1787c3a71dd,v2
vm-three-failure-rollback,onprem-196fa2a27bae4fe3b2d0d0e9fcf991cd,9316.42,200,,onprem-12c5c9d38cf24d0ab061c1787c3a71dd,v2
vm-three-failure-rollback,onprem-196fa2a27bae4fe3b2d0d0e9fcf991cd,9316.974,200,,onprem-12c5c9d38cf24d0ab061c1787c3a71dd,v2
vm-three-failure-rollback,onprem-196fa2a27bae4fe3b2d0d0e9fcf991cd,9317.529,200,,onprem-12c5c9d38cf24d0ab061c1787c3a71dd,v2
vm-three-failure-rollback,onprem-196fa2a27bae4fe3b2d0d0e9fcf991cd,9318.115,200,,onprem-12c5c9d38cf24d0ab061c1787c3a71dd,v2
vm-three-failure-rollback,onprem-196fa2a27bae4fe3b2d0d0e9fcf991cd,9318.664,200,,onprem-12c5c9d38cf24d0ab061c1787c3a71dd,v2
vm-three-failure-rollback,onprem-196fa2a27bae4fe3b2d0d0e9fcf991cd,9319.256,200,,onprem-12c5c9d38cf24d0ab061c1787c3a71dd,v2
vm-three-failure-rollback,onprem-196fa2a27bae4fe3b2d0d0e9fcf991cd,9319.806,200,,onprem-12c5c9d38cf24d0ab061c1787c3a71dd,v2
vm-three-failure-rollback,onprem-196fa2a27bae4fe3b2d0d0e9fcf991cd,9320.354,200,,onprem-12c5c9d38cf24d0ab061c1787c3a71dd,v2
vm-three-failure-rollback,onprem-196fa2a27bae4fe3b2d0d0e9fcf991cd,9320.906,200,,onprem-12c5c9d38cf24d0ab061c1787c3a71dd,v2
vm-three-failure-rollback,onprem-196fa2a27bae4fe3b2d0d0e9fcf991cd,9321.464,200,,onprem-12c5c9d38cf24d0ab061c1787c3a71dd,v2
vm-three-failure-rollback,onprem-196fa2a27bae4fe3b2d0d0e9fcf991cd,9322.022,200,,onprem-12c5c9d38cf24d0ab061c1787c3a71dd,v2
vm-three-failure-rollback,onprem-196fa2a27bae4fe3b2d0d0e9fcf991cd,9322.572,200,,onprem-12c5c9d38cf24d0ab061c1787c3a71dd,v2
vm-three-failure-rollback,onprem-196fa2a27bae4fe3b2d0d0e9fcf991cd,9323.131,200,,onprem-12c5c9d38cf24d0ab061c1787c3a71dd,v2
vm-three-failure-rollback,onprem-196fa2a27bae4fe3b2d0d0e9fcf991cd,9323.692,200,,onprem-12c5c9d38cf24d0ab061c1787c3a71dd,v2
vm-three-failure-rollback,onprem-196fa2a27bae4fe3b2d0d0e9fcf991cd,9324.245,200,,onprem-12c5c9d38cf24d0ab061c1787c3a71dd,v2
vm-three-failure-rollback,onprem-196fa2a27bae4fe3b2d0d0e9fcf991cd,9324.786,200,,onprem-12c5c9d38cf24d0ab061c1787c3a71dd,v2
vm-three-failure-rollback,onprem-196fa2a27bae4fe3b2d0d0e9fcf991cd,9325.339,200,,onprem-12c5c9d38cf24d0ab061c1787c3a71dd,v2
vm-three-failure-rollback,onprem-196fa2a27bae4fe3b2d0d0e9fcf991cd,9325.891,200,,onprem-12c5c9d38cf24d0ab061c1787c3a71dd,v2
vm-three-failure-rollback,onprem-196fa2a27bae4fe3b2d0d0e9fcf991cd,9326.453,200,,onprem-12c5c9d38cf24d0ab061c1787c3a71dd,v2
vm-three-failure-rollback,onprem-196fa2a27bae4fe3b2d0d0e9fcf991cd,9327.004,200,,onprem-12c5c9d38cf24d0ab061c1787c3a71dd,v2
vm-three-failure-rollback,onprem-196fa2a27bae4fe3b2d0d0e9fcf991cd,9327.563,200,,onprem-12c5c9d38cf24d0ab061c1787c3a71dd,v2
vm-three-failure-rollback,onprem-196fa2a27bae4fe3b2d0d0e9fcf991cd,9328.117,200,,onprem-12c5c9d38cf24d0ab061c1787c3a71dd,v2
vm-three-failure-rollback,onprem-196fa2a27bae4fe3b2d0d0e9fcf991cd,9328.676,200,,onprem-12c5c9d38cf24d0ab061c1787c3a71dd,v2
vm-three-failure-rollback,onprem-196fa2a27bae4fe3b2d0d0e9fcf991cd,9329.23,200,,onprem-12c5c9d38cf24d0ab061c1787c3a71dd,v2
vm-three-failure-rollback,onprem-196fa2a27bae4fe3b2d0d0e9fcf991cd,9329.779,200,,onprem-12c5c9d38cf24d0ab061c1787c3a71dd,v2
vm-three-failure-rollback,onprem-196fa2a27bae4fe3b2d0d0e9fcf991cd,9330.337,200,,onprem-12c5c9d38cf24d0ab061c1787c3a71dd,v2
vm-three-failure-rollback,onprem-196fa2a27bae4fe3b2d0d0e9fcf991cd,9330.91,200,,onprem-12c5c9d38cf24d0ab061c1787c3a71dd,v2
vm-three-failure-rollback,onprem-196fa2a27bae4fe3b2d0d0e9fcf991cd,9331.467,200,,onprem-12c5c9d38cf24d0ab061c1787c3a71dd,v2
vm-three-failure-rollback,onprem-196fa2a27bae4fe3b2d0d0e9fcf991cd,9332.019,200,,onprem-12c5c9d38cf24d0ab061c1787c3a71dd,v2
vm-three-failure-rollback,onprem-196fa2a27bae4fe3b2d0d0e9fcf991cd,9332.575,200,,onprem-12c5c9d38cf24d0ab061c1787c3a71dd,v2
vm-three-failure-rollback,onprem-196fa2a27bae4fe3b2d0d0e9fcf991cd,9333.125,200,,onprem-12c5c9d38cf24d0ab061c1787c3a71dd,v2
vm-three-failure-rollback,onprem-196fa2a27bae4fe3b2d0d0e9fcf991cd,9333.689,200,,onprem-12c5c9d38cf24d0ab061c1787c3a71dd,v2
vm-three-failure-rollback,onprem-196fa2a27bae4fe3b2d0d0e9fcf991cd,9334.246,200,,onprem-12c5c9d38cf24d0ab061c1787c3a71dd,v2
vm-three-failure-rollback,onprem-196fa2a27bae4fe3b2d0d0e9fcf991cd,9334.809,200,,onprem-12c5c9d38cf24d0ab061c1787c3a71dd,v2
vm-three-failure-rollback,onprem-196fa2a27bae4fe3b2d0d0e9fcf991cd,9335.364,200,,onprem-12c5c9d38cf24d0ab061c1787c3a71dd,v2
vm-three-failure-rollback,onprem-196fa2a27bae4fe3b2d0d0e9fcf991cd,9335.91,200,,onprem-12c5c9d38cf24d0ab061c1787c3a71dd,v2
vm-three-failure-rollback,onprem-196fa2a27bae4fe3b2d0d0e9fcf991cd,9336.488,200,,onprem-12c5c9d38cf24d0ab061c1787c3a71dd,v2
vm-three-failure-rollback,onprem-196fa2a27bae4fe3b2d0d0e9fcf991cd,9337.043,200,,onprem-12c5c9d38cf24d0ab061c1787c3a71dd,v2
vm-three-failure-rollback,onprem-196fa2a27bae4fe3b2d0d0e9fcf991cd,9337.596,200,,onprem-12c5c9d38cf24d0ab061c1787c3a71dd,v2
vm-three-failure-rollback,onprem-196fa2a27bae4fe3b2d0d0e9fcf991cd,9338.155,200,,onprem-12c5c9d38cf24d0ab061c1787c3a71dd,v2
vm-three-failure-rollback,onprem-196fa2a27bae4fe3b2d0d0e9fcf991cd,9338.707,200,,onprem-12c5c9d38cf24d0ab061c1787c3a71dd,v2
vm-three-failure-rollback,onprem-196fa2a27bae4fe3b2d0d0e9fcf991cd,9339.265,200,,onprem-12c5c9d38cf24d0ab061c1787c3a71dd,v2
vm-three-failure-rollback,onprem-196fa2a27bae4fe3b2d0d0e9fcf991cd,9339.813,200,,onprem-12c5c9d38cf24d0ab061c1787c3a71dd,v2
vm-three-failure-rollback,onprem-196fa2a27bae4fe3b2d0d0e9fcf991cd,9340.364,200,,onprem-12c5c9d38cf24d0ab061c1787c3a71dd,v2
vm-three-failure-rollback,onprem-196fa2a27bae4fe3b2d0d0e9fcf991cd,9340.919,200,,onprem-12c5c9d38cf24d0ab061c1787c3a71dd,v2
vm-three-failure-rollback,onprem-196fa2a27bae4fe3b2d0d0e9fcf991cd,9341.471,200,,onprem-12c5c9d38cf24d0ab061c1787c3a71dd,v2
vm-three-failure-rollback,onprem-196fa2a27bae4fe3b2d0d0e9fcf991cd,9342.022,200,,onprem-12c5c9d38cf24d0ab061c1787c3a71dd,v2
vm-three-failure-rollback,onprem-196fa2a27bae4fe3b2d0d0e9fcf991cd,9342.57,200,,onprem-12c5c9d38cf24d0ab061c1787c3a71dd,v2
vm-three-failure-rollback,onprem-196fa2a27bae4fe3b2d0d0e9fcf991cd,9343.123,200,,onprem-12c5c9d38cf24d0ab061c1787c3a71dd,v2
vm-three-failure-rollback,onprem-196fa2a27bae4fe3b2d0d0e9fcf991cd,9343.679,200,,onprem-12c5c9d38cf24d0ab061c1787c3a71dd,v2
vm-three-failure-rollback,onprem-196fa2a27bae4fe3b2d0d0e9fcf991cd,9344.235,200,,onprem-12c5c9d38cf24d0ab061c1787c3a71dd,v2
vm-three-failure-rollback,onprem-196fa2a27bae4fe3b2d0d0e9fcf991cd,9344.792,200,,onprem-12c5c9d38cf24d0ab061c1787c3a71dd,v2
vm-three-failure-rollback,onprem-196fa2a27bae4fe3b2d0d0e9fcf991cd,9345.35,200,,onprem-12c5c9d38cf24d0ab061c1787c3a71dd,v2
vm-three-failure-rollback,onprem-196fa2a27bae4fe3b2d0d0e9fcf991cd,9345.91,200,,onprem-12c5c9d38cf24d0ab061c1787c3a71dd,v2
vm-three-failure-rollback,onprem-196fa2a27bae4fe3b2d0d0e9fcf991cd,9346.46,200,,onprem-12c5c9d38cf24d0ab061c1787c3a71dd,v2
vm-three-failure-rollback,onprem-196fa2a27bae4fe3b2d0d0e9fcf991cd,9347.022,200,,onprem-12c5c9d38cf24d0ab061c1787c3a71dd,v2
vm-three-failure-rollback,onprem-196fa2a27bae4fe3b2d0d0e9fcf991cd,9347.584,200,,onprem-12c5c9d38cf24d0ab061c1787c3a71dd,v2
vm-three-failure-rollback,onprem-196fa2a27bae4fe3b2d0d0e9fcf991cd,9348.135,200,,onprem-12c5c9d38cf24d0ab061c1787c3a71dd,v2
vm-three-failure-rollback,onprem-196fa2a27bae4fe3b2d0d0e9fcf991cd,9348.68,200,,onprem-12c5c9d38cf24d0ab061c1787c3a71dd,v2
vm-three-failure-rollback,onprem-196fa2a27bae4fe3b2d0d0e9fcf991cd,9349.232,200,,onprem-12c5c9d38cf24d0ab061c1787c3a71dd,v2
vm-three-failure-rollback,onprem-196fa2a27bae4fe3b2d0d0e9fcf991cd,9349.789,200,,onprem-12c5c9d38cf24d0ab061c1787c3a71dd,v2
vm-three-failure-rollback,onprem-196fa2a27bae4fe3b2d0d0e9fcf991cd,9350.347,200,,onprem-12c5c9d38cf24d0ab061c1787c3a71dd,v2
vm-three-failure-rollback,onprem-196fa2a27bae4fe3b2d0d0e9fcf991cd,9350.908,200,,onprem-12c5c9d38cf24d0ab061c1787c3a71dd,v2
vm-three-failure-rollback,onprem-196fa2a27bae4fe3b2d0d0e9fcf991cd,9351.468,200,,onprem-12c5c9d38cf24d0ab061c1787c3a71dd,v2
vm-three-failure-rollback,onprem-196fa2a27bae4fe3b2d0d0e9fcf991cd,9352.02,200,,onprem-12c5c9d38cf24d0ab061c1787c3a71dd,v2
vm-three-failure-rollback,onprem-196fa2a27bae4fe3b2d0d0e9fcf991cd,9352.576,200,,onprem-12c5c9d38cf24d0ab061c1787c3a71dd,v2
vm-three-failure-rollback,onprem-196fa2a27bae4fe3b2d0d0e9fcf991cd,9353.127,200,,onprem-12c5c9d38cf24d0ab061c1787c3a71dd,v2
vm-three-failure-rollback,onprem-196fa2a27bae4fe3b2d0d0e9fcf991cd,9353.684,200,,onprem-12c5c9d38cf24d0ab061c1787c3a71dd,v2
vm-three-failure-rollback,onprem-196fa2a27bae4fe3b2d0d0e9fcf991cd,9354.24,200,,onprem-12c5c9d38cf24d0ab061c1787c3a71dd,v2
vm-three-failure-rollback,onprem-196fa2a27bae4fe3b2d0d0e9fcf991cd,9354.805,200,,onprem-12c5c9d38cf24d0ab061c1787c3a71dd,v2
vm-three-failure-rollback,onprem-196fa2a27bae4fe3b2d0d0e9fcf991cd,9355.363,200,,onprem-12c5c9d38cf24d0ab061c1787c3a71dd,v2
vm-three-failure-rollback,onprem-196fa2a27bae4fe3b2d0d0e9fcf991cd,9355.929,200,,onprem-12c5c9d38cf24d0ab061c1787c3a71dd,v2
vm-three-failure-rollback,onprem-196fa2a27bae4fe3b2d0d0e9fcf991cd,9356.491,200,,onprem-12c5c9d38cf24d0ab061c1787c3a71dd,v2
vm-three-failure-rollback,onprem-196fa2a27bae4fe3b2d0d0e9fcf991cd,9357.053,200,,onprem-12c5c9d38cf24d0ab061c1787c3a71dd,v2
vm-three-failure-rollback,onprem-196fa2a27bae4fe3b2d0d0e9fcf991cd,9357.613,200,,onprem-12c5c9d38cf24d0ab061c1787c3a71dd,v2
vm-three-failure-rollback,onprem-196fa2a27bae4fe3b2d0d0e9fcf991cd,9358.158,200,,onprem-12c5c9d38cf24d0ab061c1787c3a71dd,v2
vm-three-failure-rollback,onprem-196fa2a27bae4fe3b2d0d0e9fcf991cd,9358.714,200,,onprem-12c5c9d38cf24d0ab061c1787c3a71dd,v2
vm-three-failure-rollback,onprem-196fa2a27bae4fe3b2d0d0e9fcf991cd,9359.268,200,,onprem-12c5c9d38cf24d0ab061c1787c3a71dd,v2
vm-three-failure-rollback,onprem-196fa2a27bae4fe3b2d0d0e9fcf991cd,9359.821,200,,onprem-12c5c9d38cf24d0ab061c1787c3a71dd,v2
vm-three-failure-rollback,onprem-196fa2a27bae4fe3b2d0d0e9fcf991cd,9360.373,200,,onprem-12c5c9d38cf24d0ab061c1787c3a71dd,v2
vm-three-failure-rollback,onprem-196fa2a27bae4fe3b2d0d0e9fcf991cd,9360.932,200,,onprem-12c5c9d38cf24d0ab061c1787c3a71dd,v2
vm-three-failure-rollback,onprem-196fa2a27bae4fe3b2d0d0e9fcf991cd,9361.491,200,,onprem-12c5c9d38cf24d0ab061c1787c3a71dd,v2
vm-three-failure-rollback,onprem-196fa2a27bae4fe3b2d0d0e9fcf991cd,9362.045,200,,onprem-12c5c9d38cf24d0ab061c1787c3a71dd,v2
vm-three-failure-rollback,onprem-196fa2a27bae4fe3b2d0d0e9fcf991cd,9362.595,200,,onprem-12c5c9d38cf24d0ab061c1787c3a71dd,v2
vm-three-failure-rollback,onprem-196fa2a27bae4fe3b2d0d0e9fcf991cd,9363.15,200,,onprem-12c5c9d38cf24d0ab061c1787c3a71dd,v2
vm-three-failure-rollback,onprem-196fa2a27bae4fe3b2d0d0e9fcf991cd,9363.707,200,,onprem-12c5c9d38cf24d0ab061c1787c3a71dd,v2
vm-three-failure-rollback,onprem-196fa2a27bae4fe3b2d0d0e9fcf991cd,9364.269,200,,onprem-12c5c9d38cf24d0ab061c1787c3a71dd,v2
vm-three-failure-rollback,onprem-196fa2a27bae4fe3b2d0d0e9fcf991cd,9364.818,200,,onprem-12c5c9d38cf24d0ab061c1787c3a71dd,v2
vm-three-failure-rollback,onprem-196fa2a27bae4fe3b2d0d0e9fcf991cd,9365.374,200,,onprem-12c5c9d38cf24d0ab061c1787c3a71dd,v2
vm-three-failure-rollback,onprem-196fa2a27bae4fe3b2d0d0e9fcf991cd,9365.927,200,,onprem-12c5c9d38cf24d0ab061c1787c3a71dd,v2
vm-three-failure-rollback,onprem-196fa2a27bae4fe3b2d0d0e9fcf991cd,9366.481,200,,onprem-12c5c9d38cf24d0ab061c1787c3a71dd,v2
vm-three-failure-rollback,onprem-196fa2a27bae4fe3b2d0d0e9fcf991cd,9367.034,200,,onprem-12c5c9d38cf24d0ab061c1787c3a71dd,v2
vm-three-failure-rollback,onprem-196fa2a27bae4fe3b2d0d0e9fcf991cd,9367.588,200,,onprem-12c5c9d38cf24d0ab061c1787c3a71dd,v2
vm-three-failure-rollback,onprem-196fa2a27bae4fe3b2d0d0e9fcf991cd,9368.149,200,,onprem-12c5c9d38cf24d0ab061c1787c3a71dd,v2
vm-three-failure-rollback,onprem-196fa2a27bae4fe3b2d0d0e9fcf991cd,9368.709,200,,onprem-12c5c9d38cf24d0ab061c1787c3a71dd,v2
vm-three-failure-rollback,onprem-196fa2a27bae4fe3b2d0d0e9fcf991cd,9369.265,200,,onprem-12c5c9d38cf24d0ab061c1787c3a71dd,v2
vm-three-failure-rollback,onprem-196fa2a27bae4fe3b2d0d0e9fcf991cd,9369.813,200,,onprem-12c5c9d38cf24d0ab061c1787c3a71dd,v2
vm-three-failure-rollback,onprem-196fa2a27bae4fe3b2d0d0e9fcf991cd,9370.375,200,,onprem-12c5c9d38cf24d0ab061c1787c3a71dd,v2
vm-three-failure-rollback,onprem-196fa2a27bae4fe3b2d0d0e9fcf991cd,9370.924,200,,onprem-12c5c9d38cf24d0ab061c1787c3a71dd,v2
vm-three-failure-rollback,onprem-196fa2a27bae4fe3b2d0d0e9fcf991cd,9371.479,200,,onprem-12c5c9d38cf24d0ab061c1787c3a71dd,v2
vm-three-restore-v1,onprem-b2e5c937585143d1a5ea3de4df2c4f0c,9425.719,200,,onprem-12c5c9d38cf24d0ab061c1787c3a71dd,v2
vm-three-restore-v1,onprem-b2e5c937585143d1a5ea3de4df2c4f0c,9427.063,200,,onprem-12c5c9d38cf24d0ab061c1787c3a71dd,v2
vm-three-restore-v1,onprem-b2e5c937585143d1a5ea3de4df2c4f0c,9427.626,200,,onprem-12c5c9d38cf24d0ab061c1787c3a71dd,v2
vm-three-restore-v1,onprem-b2e5c937585143d1a5ea3de4df2c4f0c,9428.177,200,,onprem-12c5c9d38cf24d0ab061c1787c3a71dd,v2
vm-three-restore-v1,onprem-b2e5c937585143d1a5ea3de4df2c4f0c,9428.735,200,,onprem-12c5c9d38cf24d0ab061c1787c3a71dd,v2
vm-three-restore-v1,onprem-b2e5c937585143d1a5ea3de4df2c4f0c,9429.292,200,,onprem-12c5c9d38cf24d0ab061c1787c3a71dd,v2
vm-three-restore-v1,onprem-b2e5c937585143d1a5ea3de4df2c4f0c,9429.85,200,,onprem-12c5c9d38cf24d0ab061c1787c3a71dd,v2
vm-three-restore-v1,onprem-b2e5c937585143d1a5ea3de4df2c4f0c,9430.408,200,,onprem-12c5c9d38cf24d0ab061c1787c3a71dd,v2
vm-three-restore-v1,onprem-b2e5c937585143d1a5ea3de4df2c4f0c,9430.959,200,,onprem-12c5c9d38cf24d0ab061c1787c3a71dd,v2
vm-three-restore-v1,onprem-b2e5c937585143d1a5ea3de4df2c4f0c,9431.539,200,,onprem-12c5c9d38cf24d0ab061c1787c3a71dd,v2
vm-three-restore-v1,onprem-b2e5c937585143d1a5ea3de4df2c4f0c,9432.098,200,,onprem-12c5c9d38cf24d0ab061c1787c3a71dd,v2
vm-three-restore-v1,onprem-b2e5c937585143d1a5ea3de4df2c4f0c,9432.651,200,,onprem-12c5c9d38cf24d0ab061c1787c3a71dd,v2
vm-three-restore-v1,onprem-b2e5c937585143d1a5ea3de4df2c4f0c,9433.24,200,,onprem-12c5c9d38cf24d0ab061c1787c3a71dd,v2
vm-three-restore-v1,onprem-b2e5c937585143d1a5ea3de4df2c4f0c,9433.794,200,,onprem-12c5c9d38cf24d0ab061c1787c3a71dd,v2
vm-three-restore-v1,onprem-b2e5c937585143d1a5ea3de4df2c4f0c,9434.356,200,,onprem-12c5c9d38cf24d0ab061c1787c3a71dd,v2
vm-three-restore-v1,onprem-b2e5c937585143d1a5ea3de4df2c4f0c,9434.924,200,,onprem-12c5c9d38cf24d0ab061c1787c3a71dd,v2
vm-three-restore-v1,onprem-b2e5c937585143d1a5ea3de4df2c4f0c,9435.484,200,,onprem-12c5c9d38cf24d0ab061c1787c3a71dd,v2
vm-three-restore-v1,onprem-b2e5c937585143d1a5ea3de4df2c4f0c,9436.033,200,,onprem-12c5c9d38cf24d0ab061c1787c3a71dd,v2
vm-three-restore-v1,onprem-b2e5c937585143d1a5ea3de4df2c4f0c,9436.594,200,,onprem-12c5c9d38cf24d0ab061c1787c3a71dd,v2
vm-three-restore-v1,onprem-b2e5c937585143d1a5ea3de4df2c4f0c,9437.142,200,,onprem-12c5c9d38cf24d0ab061c1787c3a71dd,v2
vm-three-restore-v1,onprem-b2e5c937585143d1a5ea3de4df2c4f0c,9437.708,200,,onprem-12c5c9d38cf24d0ab061c1787c3a71dd,v2
vm-three-restore-v1,onprem-b2e5c937585143d1a5ea3de4df2c4f0c,9438.264,200,,onprem-12c5c9d38cf24d0ab061c1787c3a71dd,v2
vm-three-restore-v1,onprem-b2e5c937585143d1a5ea3de4df2c4f0c,9438.819,200,,onprem-12c5c9d38cf24d0ab061c1787c3a71dd,v2
vm-three-restore-v1,onprem-b2e5c937585143d1a5ea3de4df2c4f0c,9439.407,200,,onprem-12c5c9d38cf24d0ab061c1787c3a71dd,v2
vm-three-restore-v1,onprem-b2e5c937585143d1a5ea3de4df2c4f0c,9439.955,200,,onprem-12c5c9d38cf24d0ab061c1787c3a71dd,v2
vm-three-restore-v1,onprem-b2e5c937585143d1a5ea3de4df2c4f0c,9440.497,200,,onprem-12c5c9d38cf24d0ab061c1787c3a71dd,v2
vm-three-restore-v1,onprem-b2e5c937585143d1a5ea3de4df2c4f0c,9441.056,200,,onprem-12c5c9d38cf24d0ab061c1787c3a71dd,v2
vm-three-restore-v1,onprem-b2e5c937585143d1a5ea3de4df2c4f0c,9441.605,200,,onprem-12c5c9d38cf24d0ab061c1787c3a71dd,v2
vm-three-restore-v1,onprem-b2e5c937585143d1a5ea3de4df2c4f0c,9442.161,200,,onprem-12c5c9d38cf24d0ab061c1787c3a71dd,v2
vm-three-restore-v1,onprem-b2e5c937585143d1a5ea3de4df2c4f0c,9442.714,200,,onprem-12c5c9d38cf24d0ab061c1787c3a71dd,v2
vm-three-restore-v1,onprem-b2e5c937585143d1a5ea3de4df2c4f0c,9443.281,200,,onprem-12c5c9d38cf24d0ab061c1787c3a71dd,v2
vm-three-restore-v1,onprem-b2e5c937585143d1a5ea3de4df2c4f0c,9443.834,200,,onprem-12c5c9d38cf24d0ab061c1787c3a71dd,v2
vm-three-restore-v1,onprem-b2e5c937585143d1a5ea3de4df2c4f0c,9444.385,200,,onprem-12c5c9d38cf24d0ab061c1787c3a71dd,v2
vm-three-restore-v1,onprem-b2e5c937585143d1a5ea3de4df2c4f0c,9444.938,200,,onprem-12c5c9d38cf24d0ab061c1787c3a71dd,v2
vm-three-restore-v1,onprem-b2e5c937585143d1a5ea3de4df2c4f0c,9445.5,200,,onprem-12c5c9d38cf24d0ab061c1787c3a71dd,v2
vm-three-restore-v1,onprem-b2e5c937585143d1a5ea3de4df2c4f0c,9446.055,200,,onprem-12c5c9d38cf24d0ab061c1787c3a71dd,v2
vm-three-restore-v1,onprem-b2e5c937585143d1a5ea3de4df2c4f0c,9446.616,200,,onprem-12c5c9d38cf24d0ab061c1787c3a71dd,v2
vm-three-restore-v1,onprem-b2e5c937585143d1a5ea3de4df2c4f0c,9447.171,200,,onprem-12c5c9d38cf24d0ab061c1787c3a71dd,v2
vm-three-restore-v1,onprem-b2e5c937585143d1a5ea3de4df2c4f0c,9447.721,200,,onprem-12c5c9d38cf24d0ab061c1787c3a71dd,v2
vm-three-restore-v1,onprem-b2e5c937585143d1a5ea3de4df2c4f0c,9448.27,200,,onprem-12c5c9d38cf24d0ab061c1787c3a71dd,v2
vm-three-restore-v1,onprem-b2e5c937585143d1a5ea3de4df2c4f0c,9448.823,200,,onprem-12c5c9d38cf24d0ab061c1787c3a71dd,v2
vm-three-restore-v1,onprem-b2e5c937585143d1a5ea3de4df2c4f0c,9449.386,200,,onprem-12c5c9d38cf24d0ab061c1787c3a71dd,v2
vm-three-restore-v1,onprem-b2e5c937585143d1a5ea3de4df2c4f0c,9449.942,200,,onprem-12c5c9d38cf24d0ab061c1787c3a71dd,v2
vm-three-restore-v1,onprem-b2e5c937585143d1a5ea3de4df2c4f0c,9450.497,200,,onprem-12c5c9d38cf24d0ab061c1787c3a71dd,v2
vm-three-restore-v1,onprem-b2e5c937585143d1a5ea3de4df2c4f0c,9451.047,200,,onprem-12c5c9d38cf24d0ab061c1787c3a71dd,v2
vm-three-restore-v1,onprem-b2e5c937585143d1a5ea3de4df2c4f0c,9451.603,200,,onprem-12c5c9d38cf24d0ab061c1787c3a71dd,v2
vm-three-restore-v1,onprem-b2e5c937585143d1a5ea3de4df2c4f0c,9452.168,200,,onprem-12c5c9d38cf24d0ab061c1787c3a71dd,v2
vm-three-restore-v1,onprem-b2e5c937585143d1a5ea3de4df2c4f0c,9452.721,200,,onprem-12c5c9d38cf24d0ab061c1787c3a71dd,v2
vm-three-restore-v1,onprem-b2e5c937585143d1a5ea3de4df2c4f0c,9453.276,200,,onprem-12c5c9d38cf24d0ab061c1787c3a71dd,v2
vm-three-restore-v1,onprem-b2e5c937585143d1a5ea3de4df2c4f0c,9453.823,200,,onprem-12c5c9d38cf24d0ab061c1787c3a71dd,v2
vm-three-restore-v1,onprem-b2e5c937585143d1a5ea3de4df2c4f0c,9454.372,200,,onprem-12c5c9d38cf24d0ab061c1787c3a71dd,v2
vm-three-restore-v1,onprem-b2e5c937585143d1a5ea3de4df2c4f0c,9454.937,200,,onprem-12c5c9d38cf24d0ab061c1787c3a71dd,v2
vm-three-restore-v1,onprem-b2e5c937585143d1a5ea3de4df2c4f0c,9455.492,200,,onprem-12c5c9d38cf24d0ab061c1787c3a71dd,v2
vm-three-restore-v1,onprem-b2e5c937585143d1a5ea3de4df2c4f0c,9456.042,200,,onprem-12c5c9d38cf24d0ab061c1787c3a71dd,v2
vm-three-restore-v1,onprem-b2e5c937585143d1a5ea3de4df2c4f0c,9456.601,200,,onprem-12c5c9d38cf24d0ab061c1787c3a71dd,v2
vm-three-restore-v1,onprem-b2e5c937585143d1a5ea3de4df2c4f0c,9457.158,200,,onprem-12c5c9d38cf24d0ab061c1787c3a71dd,v2
vm-three-restore-v1,onprem-b2e5c937585143d1a5ea3de4df2c4f0c,9457.708,200,,onprem-12c5c9d38cf24d0ab061c1787c3a71dd,v2
vm-three-restore-v1,onprem-b2e5c937585143d1a5ea3de4df2c4f0c,9458.265,200,,onprem-12c5c9d38cf24d0ab061c1787c3a71dd,v2
vm-three-restore-v1,onprem-b2e5c937585143d1a5ea3de4df2c4f0c,9458.806,200,,onprem-12c5c9d38cf24d0ab061c1787c3a71dd,v2
vm-three-restore-v1,onprem-b2e5c937585143d1a5ea3de4df2c4f0c,9459.367,200,,onprem-12c5c9d38cf24d0ab061c1787c3a71dd,v2
vm-three-restore-v1,onprem-b2e5c937585143d1a5ea3de4df2c4f0c,9459.927,200,,onprem-12c5c9d38cf24d0ab061c1787c3a71dd,v2
vm-three-restore-v1,onprem-b2e5c937585143d1a5ea3de4df2c4f0c,9460.473,200,,onprem-12c5c9d38cf24d0ab061c1787c3a71dd,v2
vm-three-restore-v1,onprem-b2e5c937585143d1a5ea3de4df2c4f0c,9461.024,200,,onprem-12c5c9d38cf24d0ab061c1787c3a71dd,v2
vm-three-restore-v1,onprem-b2e5c937585143d1a5ea3de4df2c4f0c,9461.574,200,,onprem-12c5c9d38cf24d0ab061c1787c3a71dd,v2
vm-three-restore-v1,onprem-b2e5c937585143d1a5ea3de4df2c4f0c,9462.132,200,,onprem-12c5c9d38cf24d0ab061c1787c3a71dd,v2
vm-three-restore-v1,onprem-b2e5c937585143d1a5ea3de4df2c4f0c,9462.682,200,,onprem-12c5c9d38cf24d0ab061c1787c3a71dd,v2
vm-three-restore-v1,onprem-b2e5c937585143d1a5ea3de4df2c4f0c,9463.237,200,,onprem-12c5c9d38cf24d0ab061c1787c3a71dd,v2
vm-three-restore-v1,onprem-b2e5c937585143d1a5ea3de4df2c4f0c,9463.787,200,,onprem-12c5c9d38cf24d0ab061c1787c3a71dd,v2
vm-three-restore-v1,onprem-b2e5c937585143d1a5ea3de4df2c4f0c,9464.344,200,,onprem-12c5c9d38cf24d0ab061c1787c3a71dd,v2
vm-three-restore-v1,onprem-b2e5c937585143d1a5ea3de4df2c4f0c,9464.888,200,,onprem-b2e5c937585143d1a5ea3de4df2c4f0c,
vm-three-restore-v1,onprem-b2e5c937585143d1a5ea3de4df2c4f0c,9465.44,200,,onprem-b2e5c937585143d1a5ea3de4df2c4f0c,
vm-three-restore-v1,onprem-b2e5c937585143d1a5ea3de4df2c4f0c,9465.991,200,,onprem-12c5c9d38cf24d0ab061c1787c3a71dd,v2
vm-three-restore-v1,onprem-b2e5c937585143d1a5ea3de4df2c4f0c,9466.55,200,,onprem-12c5c9d38cf24d0ab061c1787c3a71dd,v2
vm-three-restore-v1,onprem-b2e5c937585143d1a5ea3de4df2c4f0c,9467.104,200,,onprem-12c5c9d38cf24d0ab061c1787c3a71dd,v2
vm-three-restore-v1,onprem-b2e5c937585143d1a5ea3de4df2c4f0c,9467.658,200,,onprem-12c5c9d38cf24d0ab061c1787c3a71dd,v2
vm-three-restore-v1,onprem-b2e5c937585143d1a5ea3de4df2c4f0c,9468.216,200,,onprem-b2e5c937585143d1a5ea3de4df2c4f0c,
vm-three-restore-v1,onprem-b2e5c937585143d1a5ea3de4df2c4f0c,9468.792,200,,onprem-b2e5c937585143d1a5ea3de4df2c4f0c,
vm-three-restore-v1,onprem-b2e5c937585143d1a5ea3de4df2c4f0c,9469.348,200,,onprem-12c5c9d38cf24d0ab061c1787c3a71dd,v2
vm-three-restore-v1,onprem-b2e5c937585143d1a5ea3de4df2c4f0c,9469.9,200,,onprem-12c5c9d38cf24d0ab061c1787c3a71dd,v2
vm-three-restore-v1,onprem-b2e5c937585143d1a5ea3de4df2c4f0c,9470.456,200,,onprem-b2e5c937585143d1a5ea3de4df2c4f0c,
vm-three-restore-v1,onprem-b2e5c937585143d1a5ea3de4df2c4f0c,9471.017,200,,onprem-b2e5c937585143d1a5ea3de4df2c4f0c,
vm-three-restore-v1,onprem-b2e5c937585143d1a5ea3de4df2c4f0c,9471.571,200,,onprem-b2e5c937585143d1a5ea3de4df2c4f0c,
vm-three-restore-v1,onprem-b2e5c937585143d1a5ea3de4df2c4f0c,9472.124,200,,onprem-12c5c9d38cf24d0ab061c1787c3a71dd,v2
vm-three-restore-v1,onprem-b2e5c937585143d1a5ea3de4df2c4f0c,9472.68,200,,onprem-12c5c9d38cf24d0ab061c1787c3a71dd,v2
vm-three-restore-v1,onprem-b2e5c937585143d1a5ea3de4df2c4f0c,9473.244,200,,onprem-b2e5c937585143d1a5ea3de4df2c4f0c,
vm-three-restore-v1,onprem-b2e5c937585143d1a5ea3de4df2c4f0c,9473.804,200,,onprem-b2e5c937585143d1a5ea3de4df2c4f0c,
vm-three-restore-v1,onprem-b2e5c937585143d1a5ea3de4df2c4f0c,9474.364,200,,onprem-12c5c9d38cf24d0ab061c1787c3a71dd,v2
vm-three-restore-v1,onprem-b2e5c937585143d1a5ea3de4df2c4f0c,9474.919,200,,onprem-b2e5c937585143d1a5ea3de4df2c4f0c,
vm-three-restore-v1,onprem-b2e5c937585143d1a5ea3de4df2c4f0c,9475.478,200,,onprem-b2e5c937585143d1a5ea3de4df2c4f0c,
vm-three-restore-v1,onprem-b2e5c937585143d1a5ea3de4df2c4f0c,9476.035,200,,onprem-b2e5c937585143d1a5ea3de4df2c4f0c,
vm-three-restore-v1,onprem-b2e5c937585143d1a5ea3de4df2c4f0c,9476.593,200,,onprem-12c5c9d38cf24d0ab061c1787c3a71dd,v2
vm-three-restore-v1,onprem-b2e5c937585143d1a5ea3de4df2c4f0c,9477.149,200,,onprem-12c5c9d38cf24d0ab061c1787c3a71dd,v2
vm-three-restore-v1,onprem-b2e5c937585143d1a5ea3de4df2c4f0c,9477.708,200,,onprem-b2e5c937585143d1a5ea3de4df2c4f0c,
vm-three-restore-v1,onprem-b2e5c937585143d1a5ea3de4df2c4f0c,9478.259,200,,onprem-b2e5c937585143d1a5ea3de4df2c4f0c,
vm-three-restore-v1,onprem-b2e5c937585143d1a5ea3de4df2c4f0c,9478.82,200,,onprem-b2e5c937585143d1a5ea3de4df2c4f0c,
vm-three-restore-v1,onprem-b2e5c937585143d1a5ea3de4df2c4f0c,9479.379,200,,onprem-b2e5c937585143d1a5ea3de4df2c4f0c,
vm-three-restore-v1,onprem-b2e5c937585143d1a5ea3de4df2c4f0c,9479.929,200,,onprem-b2e5c937585143d1a5ea3de4df2c4f0c,
vm-three-restore-v1,onprem-b2e5c937585143d1a5ea3de4df2c4f0c,9480.485,200,,onprem-b2e5c937585143d1a5ea3de4df2c4f0c,
vm-three-restore-v1,onprem-b2e5c937585143d1a5ea3de4df2c4f0c,9481.055,200,,onprem-b2e5c937585143d1a5ea3de4df2c4f0c,
vm-three-restore-v1,onprem-b2e5c937585143d1a5ea3de4df2c4f0c,9481.614,200,,onprem-b2e5c937585143d1a5ea3de4df2c4f0c,
vm-three-restore-v1,onprem-b2e5c937585143d1a5ea3de4df2c4f0c,9482.171,200,,onprem-b2e5c937585143d1a5ea3de4df2c4f0c,
vm-three-restore-v1,onprem-b2e5c937585143d1a5ea3de4df2c4f0c,9482.73,200,,onprem-b2e5c937585143d1a5ea3de4df2c4f0c,
vm-three-restore-v1,onprem-b2e5c937585143d1a5ea3de4df2c4f0c,9483.279,200,,onprem-b2e5c937585143d1a5ea3de4df2c4f0c,
vm-three-restore-v1,onprem-b2e5c937585143d1a5ea3de4df2c4f0c,9483.84,200,,onprem-b2e5c937585143d1a5ea3de4df2c4f0c,
vm-three-restore-v1,onprem-b2e5c937585143d1a5ea3de4df2c4f0c,9484.399,200,,onprem-b2e5c937585143d1a5ea3de4df2c4f0c,
vm-three-restore-v1,onprem-b2e5c937585143d1a5ea3de4df2c4f0c,9484.959,200,,onprem-b2e5c937585143d1a5ea3de4df2c4f0c,
vm-three-restore-v1,onprem-b2e5c937585143d1a5ea3de4df2c4f0c,9485.516,200,,onprem-b2e5c937585143d1a5ea3de4df2c4f0c,
vm-three-restore-v1,onprem-b2e5c937585143d1a5ea3de4df2c4f0c,9486.067,200,,onprem-b2e5c937585143d1a5ea3de4df2c4f0c,
vm-three-restore-v1,onprem-b2e5c937585143d1a5ea3de4df2c4f0c,9486.622,200,,onprem-b2e5c937585143d1a5ea3de4df2c4f0c,
vm-three-restore-v1,onprem-b2e5c937585143d1a5ea3de4df2c4f0c,9487.177,200,,onprem-b2e5c937585143d1a5ea3de4df2c4f0c,
vm-three-restore-v1,onprem-b2e5c937585143d1a5ea3de4df2c4f0c,9487.728,200,,onprem-b2e5c937585143d1a5ea3de4df2c4f0c,
vm-three-restore-v1,onprem-b2e5c937585143d1a5ea3de4df2c4f0c,9488.277,200,,onprem-b2e5c937585143d1a5ea3de4df2c4f0c,
vm-three-restore-v1,onprem-b2e5c937585143d1a5ea3de4df2c4f0c,9488.841,200,,onprem-b2e5c937585143d1a5ea3de4df2c4f0c,
vm-three-restore-v1,onprem-b2e5c937585143d1a5ea3de4df2c4f0c,9489.413,200,,onprem-b2e5c937585143d1a5ea3de4df2c4f0c,
vm-three-restore-v1,onprem-b2e5c937585143d1a5ea3de4df2c4f0c,9489.971,200,,onprem-b2e5c937585143d1a5ea3de4df2c4f0c,
vm-three-restore-v1,onprem-b2e5c937585143d1a5ea3de4df2c4f0c,9490.535,200,,onprem-b2e5c937585143d1a5ea3de4df2c4f0c,
vm-three-restore-v1,onprem-b2e5c937585143d1a5ea3de4df2c4f0c,9491.088,200,,onprem-b2e5c937585143d1a5ea3de4df2c4f0c,
vm-three-restore-v1,onprem-b2e5c937585143d1a5ea3de4df2c4f0c,9491.649,200,,onprem-b2e5c937585143d1a5ea3de4df2c4f0c,
vm-three-restore-v1,onprem-b2e5c937585143d1a5ea3de4df2c4f0c,9492.201,200,,onprem-b2e5c937585143d1a5ea3de4df2c4f0c,
vm-three-restore-v1,onprem-b2e5c937585143d1a5ea3de4df2c4f0c,9492.764,200,,onprem-b2e5c937585143d1a5ea3de4df2c4f0c,
vm-three-restore-v1,onprem-b2e5c937585143d1a5ea3de4df2c4f0c,9493.317,200,,onprem-b2e5c937585143d1a5ea3de4df2c4f0c,
vm-three-restore-v1,onprem-b2e5c937585143d1a5ea3de4df2c4f0c,9493.878,200,,onprem-b2e5c937585143d1a5ea3de4df2c4f0c,
vm-three-restore-v1,onprem-b2e5c937585143d1a5ea3de4df2c4f0c,9494.433,200,,onprem-b2e5c937585143d1a5ea3de4df2c4f0c,
vm-three-restore-v1,onprem-b2e5c937585143d1a5ea3de4df2c4f0c,9494.986,200,,onprem-b2e5c937585143d1a5ea3de4df2c4f0c,
vm-three-restore-v1,onprem-b2e5c937585143d1a5ea3de4df2c4f0c,9495.613,200,,onprem-b2e5c937585143d1a5ea3de4df2c4f0c,
vm-three-restore-v1,onprem-b2e5c937585143d1a5ea3de4df2c4f0c,9496.17,200,,onprem-b2e5c937585143d1a5ea3de4df2c4f0c,
vm-three-restore-v1,onprem-b2e5c937585143d1a5ea3de4df2c4f0c,9496.729,200,,onprem-b2e5c937585143d1a5ea3de4df2c4f0c,
vm-three-restore-v1,onprem-b2e5c937585143d1a5ea3de4df2c4f0c,9497.287,200,,onprem-b2e5c937585143d1a5ea3de4df2c4f0c,
vm-three-restore-v1,onprem-b2e5c937585143d1a5ea3de4df2c4f0c,9497.846,200,,onprem-b2e5c937585143d1a5ea3de4df2c4f0c,
vm-three-restore-v1,onprem-b2e5c937585143d1a5ea3de4df2c4f0c,9498.404,200,,onprem-b2e5c937585143d1a5ea3de4df2c4f0c,
vm-three-redeploy-v2,onprem-1e4ae49d671b4fd39d6a6da5a9e4d1c8,9539.317,200,,onprem-b2e5c937585143d1a5ea3de4df2c4f0c,
vm-three-redeploy-v2,onprem-1e4ae49d671b4fd39d6a6da5a9e4d1c8,9540.666,200,,onprem-b2e5c937585143d1a5ea3de4df2c4f0c,
vm-three-redeploy-v2,onprem-1e4ae49d671b4fd39d6a6da5a9e4d1c8,9541.226,200,,onprem-b2e5c937585143d1a5ea3de4df2c4f0c,
vm-three-redeploy-v2,onprem-1e4ae49d671b4fd39d6a6da5a9e4d1c8,9541.786,200,,onprem-b2e5c937585143d1a5ea3de4df2c4f0c,
vm-three-redeploy-v2,onprem-1e4ae49d671b4fd39d6a6da5a9e4d1c8,9542.345,200,,onprem-b2e5c937585143d1a5ea3de4df2c4f0c,
vm-three-redeploy-v2,onprem-1e4ae49d671b4fd39d6a6da5a9e4d1c8,9542.902,200,,onprem-b2e5c937585143d1a5ea3de4df2c4f0c,
vm-three-redeploy-v2,onprem-1e4ae49d671b4fd39d6a6da5a9e4d1c8,9543.457,200,,onprem-b2e5c937585143d1a5ea3de4df2c4f0c,
vm-three-redeploy-v2,onprem-1e4ae49d671b4fd39d6a6da5a9e4d1c8,9544.027,200,,onprem-b2e5c937585143d1a5ea3de4df2c4f0c,
vm-three-redeploy-v2,onprem-1e4ae49d671b4fd39d6a6da5a9e4d1c8,9544.589,200,,onprem-b2e5c937585143d1a5ea3de4df2c4f0c,
vm-three-redeploy-v2,onprem-1e4ae49d671b4fd39d6a6da5a9e4d1c8,9545.153,200,,onprem-b2e5c937585143d1a5ea3de4df2c4f0c,
vm-three-redeploy-v2,onprem-1e4ae49d671b4fd39d6a6da5a9e4d1c8,9545.708,200,,onprem-b2e5c937585143d1a5ea3de4df2c4f0c,
vm-three-redeploy-v2,onprem-1e4ae49d671b4fd39d6a6da5a9e4d1c8,9546.272,200,,onprem-b2e5c937585143d1a5ea3de4df2c4f0c,
vm-three-redeploy-v2,onprem-1e4ae49d671b4fd39d6a6da5a9e4d1c8,9546.835,200,,onprem-b2e5c937585143d1a5ea3de4df2c4f0c,
vm-three-redeploy-v2,onprem-1e4ae49d671b4fd39d6a6da5a9e4d1c8,9547.392,200,,onprem-b2e5c937585143d1a5ea3de4df2c4f0c,
vm-three-redeploy-v2,onprem-1e4ae49d671b4fd39d6a6da5a9e4d1c8,9547.939,200,,onprem-b2e5c937585143d1a5ea3de4df2c4f0c,
vm-three-redeploy-v2,onprem-1e4ae49d671b4fd39d6a6da5a9e4d1c8,9548.513,200,,onprem-b2e5c937585143d1a5ea3de4df2c4f0c,
vm-three-redeploy-v2,onprem-1e4ae49d671b4fd39d6a6da5a9e4d1c8,9549.069,200,,onprem-b2e5c937585143d1a5ea3de4df2c4f0c,
vm-three-redeploy-v2,onprem-1e4ae49d671b4fd39d6a6da5a9e4d1c8,9549.626,200,,onprem-b2e5c937585143d1a5ea3de4df2c4f0c,
vm-three-redeploy-v2,onprem-1e4ae49d671b4fd39d6a6da5a9e4d1c8,9550.183,200,,onprem-b2e5c937585143d1a5ea3de4df2c4f0c,
vm-three-redeploy-v2,onprem-1e4ae49d671b4fd39d6a6da5a9e4d1c8,9550.748,200,,onprem-b2e5c937585143d1a5ea3de4df2c4f0c,
vm-three-redeploy-v2,onprem-1e4ae49d671b4fd39d6a6da5a9e4d1c8,9551.311,200,,onprem-b2e5c937585143d1a5ea3de4df2c4f0c,
vm-three-redeploy-v2,onprem-1e4ae49d671b4fd39d6a6da5a9e4d1c8,9551.866,200,,onprem-b2e5c937585143d1a5ea3de4df2c4f0c,
vm-three-redeploy-v2,onprem-1e4ae49d671b4fd39d6a6da5a9e4d1c8,9552.428,200,,onprem-b2e5c937585143d1a5ea3de4df2c4f0c,
vm-three-redeploy-v2,onprem-1e4ae49d671b4fd39d6a6da5a9e4d1c8,9552.987,200,,onprem-b2e5c937585143d1a5ea3de4df2c4f0c,
vm-three-redeploy-v2,onprem-1e4ae49d671b4fd39d6a6da5a9e4d1c8,9553.546,200,,onprem-b2e5c937585143d1a5ea3de4df2c4f0c,
vm-three-redeploy-v2,onprem-1e4ae49d671b4fd39d6a6da5a9e4d1c8,9554.104,200,,onprem-b2e5c937585143d1a5ea3de4df2c4f0c,
vm-three-redeploy-v2,onprem-1e4ae49d671b4fd39d6a6da5a9e4d1c8,9554.664,200,,onprem-b2e5c937585143d1a5ea3de4df2c4f0c,
vm-three-redeploy-v2,onprem-1e4ae49d671b4fd39d6a6da5a9e4d1c8,9555.222,200,,onprem-b2e5c937585143d1a5ea3de4df2c4f0c,
vm-three-redeploy-v2,onprem-1e4ae49d671b4fd39d6a6da5a9e4d1c8,9555.79,200,,onprem-b2e5c937585143d1a5ea3de4df2c4f0c,
vm-three-redeploy-v2,onprem-1e4ae49d671b4fd39d6a6da5a9e4d1c8,9556.352,200,,onprem-b2e5c937585143d1a5ea3de4df2c4f0c,
vm-three-redeploy-v2,onprem-1e4ae49d671b4fd39d6a6da5a9e4d1c8,9556.909,200,,onprem-b2e5c937585143d1a5ea3de4df2c4f0c,
vm-three-redeploy-v2,onprem-1e4ae49d671b4fd39d6a6da5a9e4d1c8,9557.465,200,,onprem-b2e5c937585143d1a5ea3de4df2c4f0c,
vm-three-redeploy-v2,onprem-1e4ae49d671b4fd39d6a6da5a9e4d1c8,9558.026,200,,onprem-b2e5c937585143d1a5ea3de4df2c4f0c,
vm-three-redeploy-v2,onprem-1e4ae49d671b4fd39d6a6da5a9e4d1c8,9558.587,200,,onprem-b2e5c937585143d1a5ea3de4df2c4f0c,
vm-three-redeploy-v2,onprem-1e4ae49d671b4fd39d6a6da5a9e4d1c8,9559.137,200,,onprem-b2e5c937585143d1a5ea3de4df2c4f0c,
vm-three-redeploy-v2,onprem-1e4ae49d671b4fd39d6a6da5a9e4d1c8,9559.711,200,,onprem-b2e5c937585143d1a5ea3de4df2c4f0c,
vm-three-redeploy-v2,onprem-1e4ae49d671b4fd39d6a6da5a9e4d1c8,9560.259,200,,onprem-b2e5c937585143d1a5ea3de4df2c4f0c,
vm-three-redeploy-v2,onprem-1e4ae49d671b4fd39d6a6da5a9e4d1c8,9560.813,200,,onprem-b2e5c937585143d1a5ea3de4df2c4f0c,
vm-three-redeploy-v2,onprem-1e4ae49d671b4fd39d6a6da5a9e4d1c8,9561.375,200,,onprem-b2e5c937585143d1a5ea3de4df2c4f0c,
vm-three-redeploy-v2,onprem-1e4ae49d671b4fd39d6a6da5a9e4d1c8,9561.939,200,,onprem-b2e5c937585143d1a5ea3de4df2c4f0c,
vm-three-redeploy-v2,onprem-1e4ae49d671b4fd39d6a6da5a9e4d1c8,9562.499,200,,onprem-b2e5c937585143d1a5ea3de4df2c4f0c,
vm-three-redeploy-v2,onprem-1e4ae49d671b4fd39d6a6da5a9e4d1c8,9563.052,200,,onprem-b2e5c937585143d1a5ea3de4df2c4f0c,
vm-three-redeploy-v2,onprem-1e4ae49d671b4fd39d6a6da5a9e4d1c8,9563.611,200,,onprem-b2e5c937585143d1a5ea3de4df2c4f0c,
vm-three-redeploy-v2,onprem-1e4ae49d671b4fd39d6a6da5a9e4d1c8,9564.165,200,,onprem-b2e5c937585143d1a5ea3de4df2c4f0c,
vm-three-redeploy-v2,onprem-1e4ae49d671b4fd39d6a6da5a9e4d1c8,9564.721,200,,onprem-b2e5c937585143d1a5ea3de4df2c4f0c,
vm-three-redeploy-v2,onprem-1e4ae49d671b4fd39d6a6da5a9e4d1c8,9565.277,200,,onprem-b2e5c937585143d1a5ea3de4df2c4f0c,
vm-three-redeploy-v2,onprem-1e4ae49d671b4fd39d6a6da5a9e4d1c8,9565.83,200,,onprem-b2e5c937585143d1a5ea3de4df2c4f0c,
vm-three-redeploy-v2,onprem-1e4ae49d671b4fd39d6a6da5a9e4d1c8,9566.398,200,,onprem-b2e5c937585143d1a5ea3de4df2c4f0c,
vm-three-redeploy-v2,onprem-1e4ae49d671b4fd39d6a6da5a9e4d1c8,9566.95,200,,onprem-b2e5c937585143d1a5ea3de4df2c4f0c,
vm-three-redeploy-v2,onprem-1e4ae49d671b4fd39d6a6da5a9e4d1c8,9567.504,200,,onprem-b2e5c937585143d1a5ea3de4df2c4f0c,
vm-three-redeploy-v2,onprem-1e4ae49d671b4fd39d6a6da5a9e4d1c8,9568.058,200,,onprem-b2e5c937585143d1a5ea3de4df2c4f0c,
vm-three-redeploy-v2,onprem-1e4ae49d671b4fd39d6a6da5a9e4d1c8,9568.609,200,,onprem-b2e5c937585143d1a5ea3de4df2c4f0c,
vm-three-redeploy-v2,onprem-1e4ae49d671b4fd39d6a6da5a9e4d1c8,9569.252,200,,onprem-b2e5c937585143d1a5ea3de4df2c4f0c,
vm-three-redeploy-v2,onprem-1e4ae49d671b4fd39d6a6da5a9e4d1c8,9569.808,200,,onprem-b2e5c937585143d1a5ea3de4df2c4f0c,
vm-three-redeploy-v2,onprem-1e4ae49d671b4fd39d6a6da5a9e4d1c8,9570.357,200,,onprem-b2e5c937585143d1a5ea3de4df2c4f0c,
vm-three-redeploy-v2,onprem-1e4ae49d671b4fd39d6a6da5a9e4d1c8,9570.908,200,,onprem-b2e5c937585143d1a5ea3de4df2c4f0c,
vm-three-redeploy-v2,onprem-1e4ae49d671b4fd39d6a6da5a9e4d1c8,9571.461,200,,onprem-b2e5c937585143d1a5ea3de4df2c4f0c,
vm-three-redeploy-v2,onprem-1e4ae49d671b4fd39d6a6da5a9e4d1c8,9572.02,200,,onprem-b2e5c937585143d1a5ea3de4df2c4f0c,
vm-three-redeploy-v2,onprem-1e4ae49d671b4fd39d6a6da5a9e4d1c8,9572.575,200,,onprem-b2e5c937585143d1a5ea3de4df2c4f0c,
vm-three-redeploy-v2,onprem-1e4ae49d671b4fd39d6a6da5a9e4d1c8,9573.126,200,,onprem-b2e5c937585143d1a5ea3de4df2c4f0c,
vm-three-redeploy-v2,onprem-1e4ae49d671b4fd39d6a6da5a9e4d1c8,9573.683,200,,onprem-b2e5c937585143d1a5ea3de4df2c4f0c,
vm-three-redeploy-v2,onprem-1e4ae49d671b4fd39d6a6da5a9e4d1c8,9574.233,200,,onprem-b2e5c937585143d1a5ea3de4df2c4f0c,
vm-three-redeploy-v2,onprem-1e4ae49d671b4fd39d6a6da5a9e4d1c8,9574.782,200,,onprem-b2e5c937585143d1a5ea3de4df2c4f0c,
vm-three-redeploy-v2,onprem-1e4ae49d671b4fd39d6a6da5a9e4d1c8,9575.333,200,,onprem-b2e5c937585143d1a5ea3de4df2c4f0c,
vm-three-redeploy-v2,onprem-1e4ae49d671b4fd39d6a6da5a9e4d1c8,9575.882,200,,onprem-b2e5c937585143d1a5ea3de4df2c4f0c,
vm-three-redeploy-v2,onprem-1e4ae49d671b4fd39d6a6da5a9e4d1c8,9576.44,200,,onprem-b2e5c937585143d1a5ea3de4df2c4f0c,
vm-three-redeploy-v2,onprem-1e4ae49d671b4fd39d6a6da5a9e4d1c8,9577.001,200,,onprem-b2e5c937585143d1a5ea3de4df2c4f0c,
vm-three-redeploy-v2,onprem-1e4ae49d671b4fd39d6a6da5a9e4d1c8,9577.56,200,,onprem-b2e5c937585143d1a5ea3de4df2c4f0c,
vm-three-redeploy-v2,onprem-1e4ae49d671b4fd39d6a6da5a9e4d1c8,9578.121,200,,onprem-b2e5c937585143d1a5ea3de4df2c4f0c,
vm-three-redeploy-v2,onprem-1e4ae49d671b4fd39d6a6da5a9e4d1c8,9578.675,200,,onprem-1e4ae49d671b4fd39d6a6da5a9e4d1c8,v2
vm-three-redeploy-v2,onprem-1e4ae49d671b4fd39d6a6da5a9e4d1c8,9579.245,200,,onprem-b2e5c937585143d1a5ea3de4df2c4f0c,
vm-three-redeploy-v2,onprem-1e4ae49d671b4fd39d6a6da5a9e4d1c8,9579.804,200,,onprem-b2e5c937585143d1a5ea3de4df2c4f0c,
vm-three-redeploy-v2,onprem-1e4ae49d671b4fd39d6a6da5a9e4d1c8,9580.372,200,,onprem-1e4ae49d671b4fd39d6a6da5a9e4d1c8,v2
vm-three-redeploy-v2,onprem-1e4ae49d671b4fd39d6a6da5a9e4d1c8,9580.925,200,,onprem-1e4ae49d671b4fd39d6a6da5a9e4d1c8,v2
vm-three-redeploy-v2,onprem-1e4ae49d671b4fd39d6a6da5a9e4d1c8,9581.49,200,,onprem-1e4ae49d671b4fd39d6a6da5a9e4d1c8,v2
vm-three-redeploy-v2,onprem-1e4ae49d671b4fd39d6a6da5a9e4d1c8,9582.049,200,,onprem-1e4ae49d671b4fd39d6a6da5a9e4d1c8,v2
vm-three-redeploy-v2,onprem-1e4ae49d671b4fd39d6a6da5a9e4d1c8,9582.611,200,,onprem-b2e5c937585143d1a5ea3de4df2c4f0c,
vm-three-redeploy-v2,onprem-1e4ae49d671b4fd39d6a6da5a9e4d1c8,9583.164,200,,onprem-b2e5c937585143d1a5ea3de4df2c4f0c,
vm-three-redeploy-v2,onprem-1e4ae49d671b4fd39d6a6da5a9e4d1c8,9583.715,200,,onprem-1e4ae49d671b4fd39d6a6da5a9e4d1c8,v2
vm-three-redeploy-v2,onprem-1e4ae49d671b4fd39d6a6da5a9e4d1c8,9584.273,200,,onprem-1e4ae49d671b4fd39d6a6da5a9e4d1c8,v2
vm-three-redeploy-v2,onprem-1e4ae49d671b4fd39d6a6da5a9e4d1c8,9584.832,200,,onprem-b2e5c937585143d1a5ea3de4df2c4f0c,
vm-three-redeploy-v2,onprem-1e4ae49d671b4fd39d6a6da5a9e4d1c8,9585.401,200,,onprem-b2e5c937585143d1a5ea3de4df2c4f0c,
vm-three-redeploy-v2,onprem-1e4ae49d671b4fd39d6a6da5a9e4d1c8,9585.953,200,,onprem-1e4ae49d671b4fd39d6a6da5a9e4d1c8,v2
vm-three-redeploy-v2,onprem-1e4ae49d671b4fd39d6a6da5a9e4d1c8,9586.511,200,,onprem-1e4ae49d671b4fd39d6a6da5a9e4d1c8,v2
vm-three-redeploy-v2,onprem-1e4ae49d671b4fd39d6a6da5a9e4d1c8,9587.069,200,,onprem-b2e5c937585143d1a5ea3de4df2c4f0c,
vm-three-redeploy-v2,onprem-1e4ae49d671b4fd39d6a6da5a9e4d1c8,9587.626,200,,onprem-b2e5c937585143d1a5ea3de4df2c4f0c,
vm-three-redeploy-v2,onprem-1e4ae49d671b4fd39d6a6da5a9e4d1c8,9588.181,200,,onprem-1e4ae49d671b4fd39d6a6da5a9e4d1c8,v2
vm-three-redeploy-v2,onprem-1e4ae49d671b4fd39d6a6da5a9e4d1c8,9588.735,200,,onprem-1e4ae49d671b4fd39d6a6da5a9e4d1c8,v2
vm-three-redeploy-v2,onprem-1e4ae49d671b4fd39d6a6da5a9e4d1c8,9589.295,200,,onprem-b2e5c937585143d1a5ea3de4df2c4f0c,
vm-three-redeploy-v2,onprem-1e4ae49d671b4fd39d6a6da5a9e4d1c8,9589.851,200,,onprem-1e4ae49d671b4fd39d6a6da5a9e4d1c8,v2
vm-three-redeploy-v2,onprem-1e4ae49d671b4fd39d6a6da5a9e4d1c8,9590.408,200,,onprem-1e4ae49d671b4fd39d6a6da5a9e4d1c8,v2
vm-three-redeploy-v2,onprem-1e4ae49d671b4fd39d6a6da5a9e4d1c8,9590.963,200,,onprem-1e4ae49d671b4fd39d6a6da5a9e4d1c8,v2
vm-three-redeploy-v2,onprem-1e4ae49d671b4fd39d6a6da5a9e4d1c8,9591.579,200,,onprem-1e4ae49d671b4fd39d6a6da5a9e4d1c8,v2
vm-three-redeploy-v2,onprem-1e4ae49d671b4fd39d6a6da5a9e4d1c8,9592.188,200,,onprem-1e4ae49d671b4fd39d6a6da5a9e4d1c8,v2
vm-three-redeploy-v2,onprem-1e4ae49d671b4fd39d6a6da5a9e4d1c8,9592.744,200,,onprem-1e4ae49d671b4fd39d6a6da5a9e4d1c8,v2
vm-three-redeploy-v2,onprem-1e4ae49d671b4fd39d6a6da5a9e4d1c8,9593.295,200,,onprem-1e4ae49d671b4fd39d6a6da5a9e4d1c8,v2
vm-three-redeploy-v2,onprem-1e4ae49d671b4fd39d6a6da5a9e4d1c8,9593.849,200,,onprem-1e4ae49d671b4fd39d6a6da5a9e4d1c8,v2
vm-three-redeploy-v2,onprem-1e4ae49d671b4fd39d6a6da5a9e4d1c8,9594.4,200,,onprem-1e4ae49d671b4fd39d6a6da5a9e4d1c8,v2
vm-three-redeploy-v2,onprem-1e4ae49d671b4fd39d6a6da5a9e4d1c8,9594.959,200,,onprem-1e4ae49d671b4fd39d6a6da5a9e4d1c8,v2
vm-three-redeploy-v2,onprem-1e4ae49d671b4fd39d6a6da5a9e4d1c8,9595.515,200,,onprem-1e4ae49d671b4fd39d6a6da5a9e4d1c8,v2
vm-three-redeploy-v2,onprem-1e4ae49d671b4fd39d6a6da5a9e4d1c8,9596.078,200,,onprem-1e4ae49d671b4fd39d6a6da5a9e4d1c8,v2
vm-three-redeploy-v2,onprem-1e4ae49d671b4fd39d6a6da5a9e4d1c8,9596.627,200,,onprem-1e4ae49d671b4fd39d6a6da5a9e4d1c8,v2
vm-three-redeploy-v2,onprem-1e4ae49d671b4fd39d6a6da5a9e4d1c8,9597.179,200,,onprem-1e4ae49d671b4fd39d6a6da5a9e4d1c8,v2
vm-three-redeploy-v2,onprem-1e4ae49d671b4fd39d6a6da5a9e4d1c8,9597.733,200,,onprem-1e4ae49d671b4fd39d6a6da5a9e4d1c8,v2
vm-three-redeploy-v2,onprem-1e4ae49d671b4fd39d6a6da5a9e4d1c8,9598.285,200,,onprem-1e4ae49d671b4fd39d6a6da5a9e4d1c8,v2
vm-three-redeploy-v2,onprem-1e4ae49d671b4fd39d6a6da5a9e4d1c8,9598.849,200,,onprem-1e4ae49d671b4fd39d6a6da5a9e4d1c8,v2
vm-three-redeploy-v2,onprem-1e4ae49d671b4fd39d6a6da5a9e4d1c8,9599.407,200,,onprem-1e4ae49d671b4fd39d6a6da5a9e4d1c8,v2
vm-three-redeploy-v2,onprem-1e4ae49d671b4fd39d6a6da5a9e4d1c8,9599.97,200,,onprem-1e4ae49d671b4fd39d6a6da5a9e4d1c8,v2
vm-three-redeploy-v2,onprem-1e4ae49d671b4fd39d6a6da5a9e4d1c8,9600.521,200,,onprem-1e4ae49d671b4fd39d6a6da5a9e4d1c8,v2
vm-three-redeploy-v2,onprem-1e4ae49d671b4fd39d6a6da5a9e4d1c8,9601.079,200,,onprem-1e4ae49d671b4fd39d6a6da5a9e4d1c8,v2
vm-three-redeploy-v2,onprem-1e4ae49d671b4fd39d6a6da5a9e4d1c8,9601.637,200,,onprem-1e4ae49d671b4fd39d6a6da5a9e4d1c8,v2
vm-three-redeploy-v2,onprem-1e4ae49d671b4fd39d6a6da5a9e4d1c8,9602.195,200,,onprem-1e4ae49d671b4fd39d6a6da5a9e4d1c8,v2
vm-three-redeploy-v2,onprem-1e4ae49d671b4fd39d6a6da5a9e4d1c8,9602.752,200,,onprem-1e4ae49d671b4fd39d6a6da5a9e4d1c8,v2
vm-three-redeploy-v2,onprem-1e4ae49d671b4fd39d6a6da5a9e4d1c8,9603.311,200,,onprem-1e4ae49d671b4fd39d6a6da5a9e4d1c8,v2
vm-three-redeploy-v2,onprem-1e4ae49d671b4fd39d6a6da5a9e4d1c8,9603.871,200,,onprem-1e4ae49d671b4fd39d6a6da5a9e4d1c8,v2
vm-three-redeploy-v2,onprem-1e4ae49d671b4fd39d6a6da5a9e4d1c8,9604.423,200,,onprem-1e4ae49d671b4fd39d6a6da5a9e4d1c8,v2
vm-three-redeploy-v2,onprem-1e4ae49d671b4fd39d6a6da5a9e4d1c8,9604.975,200,,onprem-1e4ae49d671b4fd39d6a6da5a9e4d1c8,v2
vm-three-redeploy-v2,onprem-1e4ae49d671b4fd39d6a6da5a9e4d1c8,9605.529,200,,onprem-1e4ae49d671b4fd39d6a6da5a9e4d1c8,v2
vm-three-redeploy-v2,onprem-1e4ae49d671b4fd39d6a6da5a9e4d1c8,9606.079,200,,onprem-1e4ae49d671b4fd39d6a6da5a9e4d1c8,v2
vm-three-redeploy-v2,onprem-1e4ae49d671b4fd39d6a6da5a9e4d1c8,9606.636,200,,onprem-1e4ae49d671b4fd39d6a6da5a9e4d1c8,v2
vm-three-redeploy-v2,onprem-1e4ae49d671b4fd39d6a6da5a9e4d1c8,9607.188,200,,onprem-1e4ae49d671b4fd39d6a6da5a9e4d1c8,v2
vm-three-redeploy-v2,onprem-1e4ae49d671b4fd39d6a6da5a9e4d1c8,9607.751,200,,onprem-1e4ae49d671b4fd39d6a6da5a9e4d1c8,v2
vm-three-redeploy-v2,onprem-1e4ae49d671b4fd39d6a6da5a9e4d1c8,9608.295,200,,onprem-1e4ae49d671b4fd39d6a6da5a9e4d1c8,v2
vm-three-redeploy-v2,onprem-1e4ae49d671b4fd39d6a6da5a9e4d1c8,9608.849,200,,onprem-1e4ae49d671b4fd39d6a6da5a9e4d1c8,v2
vm-three-redeploy-v2,onprem-1e4ae49d671b4fd39d6a6da5a9e4d1c8,9609.407,200,,onprem-1e4ae49d671b4fd39d6a6da5a9e4d1c8,v2
vm-three-redeploy-v2,onprem-1e4ae49d671b4fd39d6a6da5a9e4d1c8,9609.967,200,,onprem-1e4ae49d671b4fd39d6a6da5a9e4d1c8,v2
vm-three-redeploy-v2,onprem-1e4ae49d671b4fd39d6a6da5a9e4d1c8,9610.524,200,,onprem-1e4ae49d671b4fd39d6a6da5a9e4d1c8,v2
vm-three-redeploy-v2,onprem-1e4ae49d671b4fd39d6a6da5a9e4d1c8,9611.077,200,,onprem-1e4ae49d671b4fd39d6a6da5a9e4d1c8,v2
vm-three-redeploy-v2,onprem-1e4ae49d671b4fd39d6a6da5a9e4d1c8,9611.638,200,,onprem-1e4ae49d671b4fd39d6a6da5a9e4d1c8,v2
