log,log_sha256,log_mtime_utc,status,passed,elapsed_s,final_for_item
item1-ci-complete.log,ea0e0b1a9e8b14c6b18d45e2808909d186ed7ff72ee7aa05c258b1bcb0536c58,2026-10-01T17:51:41.109692+00:00,PASS,953,33.3,
item1-ci-final.log,9a673e499d541125e3efb93311e279829a9cb10ef9195b887d346d7078ee773e,2026-10-01T17:49:26.808214+00:00,FAIL,949,40.1,
item1-ci-final2.log,c3ebf28091af7d48bdf7c03d16c7c5568b8955d24e3be4f14d6d23dde96ef274,2026-10-01T17:52:23.059737+00:00,PASS,953,33.4,1
item1-ci-pass.log,d805a9e4b7d71ced402feaef80d2f8394ff7b43bb79ace62bf77a03285cdba24,2026-10-01T17:50:57.724042+00:00,FAIL,950,38.9,
item1-ci.log,90330a04bd99d2c24b99b0763b72e44e4c5a37e8e3d45a4635132e5a22beca6f,2026-10-01T17:48:24.163338+00:00,FAIL,1871,66.2,
item2-ci-complete.log,a635f8a7b370d3acc5e6c7ba533b01f9478248b16d52e2c875a8b58e051482fa,2026-10-01T17:56:23.740645+00:00,PASS,958,33.4,
item2-ci-final.log,317db3eed055d56f491b8e2b475c9f53579e1eba32b347134f8f9662b487b423,2026-10-01T17:55:16.526319+00:00,FAIL,954,33.6,
item2-ci-reviewed.log,b3085bec9a4019bedf742589b1e9e07da451c7da32c900d5f987a8f7ceedb0b0,2026-10-01T17:58:04.790171+00:00,PASS,961,33.5,2
item2-ci.log,4bda6f4eec15649e403005ad54c9483ff41bae6cb5e4f17a68d62d240f148c57,2026-10-01T17:54:31.566894+00:00,FAIL,954,34.2,
item3-ci-final.log,40f4ac3f6d5fac6c09e57a6646dc9051de51d81ecd33cf2566e0a2d92774adcc,2026-10-01T18:03:45.577430+00:00,PASS,973,37.6,
item3-ci-reviewed.log,2bbdcc3cd00497d27c461a174eb1baf666bbafca8e6ff281fedb7bc050fd7500,2026-10-01T18:05:44.926693+00:00,PASS,975,36.8,3
item3-ci.log,d292838d0b850e2221674656c39882682a3bb276b498e411e48cbffcb43d0f74,2026-10-01T18:01:53.294694+00:00,FAIL,970,37.1,
item4-ci-reviewed.log,88edb0096c2d3ecb37f4efed2775ec6246b9b5d77009c27a0eb2349883eeb67c,2026-10-01T18:18:55.365744+00:00,PASS,988,44.9,4
item4-ci.log,6c556b6d6efb5f877c5117409ae35568a8111f626c2effe2e86295f3c98da4f2,2026-10-01T18:14:04.845737+00:00,PASS,984,42.3,
item5-ci-reviewed.log,83a53559d2178b83b6fc8700f9de902ade84a0afb0bf7d6c9d620374dbfeba9e,2026-10-01T18:27:30.648263+00:00,PASS,1000,46.5,5
item5-ci.log,fe1b8a6bc663c25e65ddd6234f000c609c30b0b979a70bd9df9a524f28f0cec8,2026-10-01T18:22:50.041248+00:00,PASS,996,46.6,
item6-ci-reviewed.log,2a9e700f978c82325d3b639c6827e3381e4cbecadc29aaad8c0e95c36a64be1a,2026-10-01T18:47:24.356339+00:00,FAIL,48,1.9,
item6-ci-reviewed2.log,be9d557925e147b56b07c79e9d5e729f1da103fa127c62555ac75af1135df65c,2026-10-01T18:49:09.491617+00:00,PASS,1013,45.2,6
item6-ci.log,c9e57214d886e923005301604d632af60df28296d936bb50d3a6b39de7d9b314,2026-10-01T18:38:16.348325+00:00,PASS,1007,46.4,
item7-final-ci-reviewed.log,88fb1ea28cfb18322cba09886f19fa145b961bb99a7cdd5390e356a736d156e9,2026-10-01T19:00:36.238233+00:00,PASS,1015,45.7,7
item7-final-ci.log,0fe0f9e45e195b2f964c922e681567f9c091840d35ff2cc4fea73a5309a0e24b,2026-10-01T18:58:49.665831+00:00,FAIL,1015,47.0,
